"","year","age","weight","group"
"1","2007","3.5",109,"dmp"
"2","2007","4.5",120,"dmp"
"3","2007","4.5",121,"dmp"
"4","2007","3.5",98,"dmp"
"5","2007","4.5",120,"dmp"
"6","2007","3.5",107,"dmp"
"7","2007","4.5",118,"dmp"
"8","2007","5.5",106,"dmp"
"9","2007","5.5",97,"dmp"
"10","2007","5.5",110,"dmp"
"11","2007","3.5",98,"dmp"
"12","2007","3.5",104,"dmp"
"13","2007","4.5",109,"dmp"
"14","2007","5.5",110,"dmp"
"15","2007","5.5",122,"dmp"
"16","2007","3.5",102,"dmp"
"17","2007","5.5",115,"dmp"
"18","2007","5.5",118,"dmp"
"19","2007","5.5",129,"dmp"
"20","2007","3.5",112,"dmp"
"21","2007","4.5",100,"dmp"
"22","2007","5.5",102,"dmp"
"23","2007","4.5",120,"dmp"
"24","2007","5.5",98,"dmp"
"25","2007","5.5",119,"dmp"
"26","2007","4.5",114,"dmp"
"27","2007","3.5",101,"dmp"
"28","2007","4.5",114,"dmp"
"29","2007","4.5",94,"dmp"
"30","2007","4.5",103,"dmp"
"31","2008","4.5",115,"dmp"
"32","2008","5.5",103,"dmp"
"33","2008","5.5",121,"dmp"
"34","2008","4.5",109,"dmp"
"35","2008","5.5",113,"dmp"
"36","2008","4.5",114,"dmp"
"37","2008","5.5",108,"dmp"
"38","2008","6.5",99,"dmp"
"39","2008","6.5",115,"dmp"
"40","2008","4.5",99,"dmp"
"41","2008","4.5",103,"dmp"
"42","2008","5.5",113,"dmp"
"43","2008","6.5",135,"dmp"
"44","2008","4.5",112,"dmp"
"45","2008","6.5",121,"dmp"
"46","2008","4.5",107,"dmp"
"47","2008","5.5",113,"dmp"
"48","2008","6.5",105,"dmp"
"49","2008","5.5",127,"dmp"
"50","2008","6.5",93,"dmp"
"51","2008","6.5",120,"dmp"
"52","2008","5.5",132,"dmp"
"53","2008","4.5",109,"dmp"
"54","2008","5.5",114,"dmp"
"55","2008","5.5",98,"dmp"
"56","2008","5.5",101,"dmp"
"57","2008","5.5",111,"dmp"
"58","2008","6.5",124,"dmp"
"59","2008","4.5",118,"dmp"
"60","2009","7.5",106,"dmp"
"61","2009","7.5",113,"dmp"
"62","2009","6.5",115,"dmp"
"63","2009","6.5",121,"dmp"
"64","2009","7.5",91,"dmp"
"65","2009","6.5",129,"dmp"
"66","2009","5.5",112,"dmp"
"67","2009","6.5",115,"dmp"
"68","2009","7.5",118,"dmp"
"69","2009","7.5",116,"dmp"
"70","2009","7.5",130,"dmp"
"71","2009","6.5",100,"dmp"
"72","2009","5.5",80,"dmp"
"73","2009","4.5",113,"dmp"
"74","2009","5.5",109,"dmp"
"75","2009","5.5",100,"dmp"
"76","2009","6.5",107,"dmp"
"77","2009","5.5",103,"dmp"
"78","2009","5.5",106,"dmp"
"79","2009","6.5",120,"dmp"
"80","2009","5.5",118,"dmp"
"81","2009","6.5",109,"dmp"
"82","2009","2.5",102,"dmp"
"83","2009","5.5",112,"dmp"
"84","2009","2.5",96,"dmp"
"85","2009","3.5",108,"dmp"
"86","2009","6.5",116,"dmp"
"87","2009","3.5",118,"dmp"
"88","2009","4.5",118,"dmp"
"89","2010","5.5",112,"dmp"
"90","2010","4.5",120,"dmp"
"91","2010","6.5",144,"dmp"
"92","2010","3.5",108,"dmp"
"93","2010","7.5",124,"dmp"
"94","2010","5.5",112,"dmp"
"95","2010","5.5",116,"dmp"
"96","2010","6.5",118,"dmp"
"97","2010","7.5",103,"dmp"
"98","2010","5.5",119,"dmp"
"99","2010","2.5",117,"dmp"
"100","2010","5.5",118,"dmp"
"101","2010","6.5",129,"dmp"
"102","2010","2.5",108,"dmp"
"103","2010","2.5",106,"dmp"
"104","2010","6.5",120,"dmp"
"105","2010","6.5",109,"dmp"
"106","2010","5.5",97,"dmp"
"107","2010","5.5",121,"dmp"
"108","2010","3.5",120,"dmp"
"109","2010","3.5",129,"dmp"
"110","2010","2.5",109,"dmp"
"111","2010","2.5",91,"dmp"
"112","2010","2.5",107,"dmp"
"113","2010","1.5",106,"dmp"
"114","2010","1.5",99,"dmp"
"115","2010","4.5",106,"dmp"
"116","2010","6.5",118,"dmp"
"117","2010","4.5",113,"dmp"
"118","2010","3.5",130,"dmp"
"119","2011","7.5",111,"dmp"
"120","2011","8.5",116,"dmp"
"121","2011","7.5",107,"dmp"
"122","2011","8.5",107,"dmp"
"123","2011","8.5",94,"dmp"
"124","2011","6.5",120,"dmp"
"125","2011","9.5",68,"dmp"
"126","2011","8.5",117,"dmp"
"127","2011","2.5",118,"dmp"
"128","2011","8.5",118,"dmp"
"129","2011","6.5",108,"dmp"
"130","2011","3.5",112,"dmp"
"131","2011","6.5",113,"dmp"
"132","2011","7.5",110,"dmp"
"133","2011","3.5",84,"dmp"
"134","2011","7.5",87,"dmp"
"135","2011","4.5",113,"dmp"
"136","2011","6.5",109,"dmp"
"137","2011","4.5",135,"dmp"
"138","2011","3.5",104,"dmp"
"139","2011","4.5",126,"dmp"
"140","2011","3.5",127,"dmp"
"141","2011","7.5",103,"dmp"
"142","2011","6.5",122,"dmp"
"143","2011","9.5",119,"dmp"
"144","2011","8.5",117,"dmp"
"145","2011","7.5",109,"dmp"
"146","2011","3.5",108,"dmp"
"147","2011","5.5",120,"dmp"
"148","2011","1.5",67,"dmp"
"149","2011","1.5",105,"dmp"
"150","2012","4.5",110,"dmp"
"151","2012","3.5",111,"dmp"
"152","2012","4.5",117,"dmp"
"153","2012","3.5",100,"dmp"
"154","2012","3.5",142,"dmp"
"155","2012","3.5",110,"dmp"
"156","2012","3.5",126,"dmp"
"157","2012","4.5",114,"dmp"
"158","2012","2.5",105,"dmp"
"159","2012","2.5",98,"dmp"
"160","2012","1.5",92,"dmp"
"161","2012","4.5",119,"dmp"
"162","2012","1.5",95,"dmp"
"163","2012","7.5",108,"dmp"
"164","2012","1.5",95,"dmp"
"165","2012","2.5",107,"dmp"
"166","2012","2.5",106,"dmp"
"167","2012","2.5",111,"dmp"
"168","2012","4.5",103,"dmp"
"169","2012","4.5",116,"dmp"
"170","2012","4.5",106,"dmp"
"171","2012","2.5",98,"dmp"
"172","2012","2.5",110,"dmp"
"173","2012","3.5",109,"dmp"
"174","2012","3.5",107,"dmp"
"175","2012","2.5",104,"dmp"
"176","2012","5.5",118,"dmp"
"177","2012","5.5",118,"dmp"
"178","2012","3.5",110,"dmp"
"179","2012","1.5",91,"dmp"
"180","2012","1.5",101,"dmp"
"181","2012","1.5",104,"dmp"
"182","2012","1.5",103,"dmp"
"183","2012","1.5",107,"dmp"
"184","2013","4.5",138,"dmp"
"185","2013","6.5",116,"dmp"
"186","2013","4.5",114,"dmp"
"187","2013","3.5",107,"dmp"
"188","2013","5.5",118,"dmp"
"189","2013","5.5",115,"dmp"
"190","2013","3.5",110,"dmp"
"191","2013","3.5",117,"dmp"
"192","2013","5.5",115,"dmp"
"193","2013","4.5",116,"dmp"
"194","2013","2.5",110,"dmp"
"195","2013","4.5",97,"dmp"
"196","2013","2.5",104,"dmp"
"198","2013","5.5",122,"dmp"
"199","2013","3.5",100,"dmp"
"200","2013","6.5",128,"dmp"
"201","2013","3.5",117,"dmp"
"202","2013","8.5",157,"dmp"
"203","2013","3.5",111,"dmp"
"206","2013","3.5",94,"dmp"
"207","2013","4.5",107,"dmp"
"208","2013","5.5",112,"dmp"
"210","2013","4.5",107,"dmp"
"211","2013","3.5",115,"dmp"
"212","2013","2.5",113,"dmp"
"214","2013","1.5",92,"dmp"
"215","2013","1.5",102,"dmp"
"216","2013","1.5",94,"dmp"
"217","2013","1.5",97,"dmp"
"218","2013","1.5",95,"dmp"
"219","2014","2.5",123,"dmp"
"220","2014","2.5",119,"dmp"
"221","2014","2.5",109,"dmp"
"222","2014","6.5",112,"dmp"
"223","2014","5.5",142,"dmp"
"224","2014","6.5",111,"dmp"
"225","2014","3.5",118,"dmp"
"226","2014","4.5",103,"dmp"
"227","2014","4.5",104,"dmp"
"228","2014","3.5",113,"dmp"
"229","2014","2.5",97,"dmp"
"230","2014","6.5",106,"dmp"
"231","2014","6.5",111,"dmp"
"232","2014","7.5",121,"dmp"
"234","2014","7.5",114,"dmp"
"235","2014","4.5",92,"dmp"
"236","2014","5.5",127,"dmp"
"237","2014","2.5",90,"dmp"
"238","2014","3.5",112,"dmp"
"239","2014","6.5",121,"dmp"
"240","2014","5.5",119,"dmp"
"241","2014","5.5",112,"dmp"
"242","2014","2.5",94,"dmp"
"243","2014","5.5",124,"dmp"
"244","2014","3.5",103,"dmp"
"245","2014","4.5",107,"dmp"
"246","2014","4.5",126,"dmp"
"247","2014","4.5",102,"dmp"
"248","2014","3.5",115,"dmp"
"249","2015","6.5",122,"dmp"
"250","2015","6.5",107,"dmp"
"251","2015","5.5",109,"dmp"
"252","2015","4.5",106,"dmp"
"253","2015","5.5",108,"dmp"
"254","2015","6.5",113,"dmp"
"255","2015","3.5",112,"dmp"
"256","2015","2.5",115,"dmp"
"258","2015","2.5",88,"dmp"
"259","2015","5.5",105,"dmp"
"260","2015","7.5",112,"dmp"
"261","2015","5.5",97,"dmp"
"262","2015","6.5",110,"dmp"
"263","2015","4.5",114,"dmp"
"264","2015","4.5",110,"dmp"
"265","2015","2.5",77,"dmp"
"266","2015","3.5",109,"dmp"
"267","2015","3.5",112,"dmp"
"269","2015","2.5",100,"dmp"
"270","2015","5.5",114,"dmp"
"271","2015","6.5",103,"dmp"
"272","2015","4.5",111,"dmp"
"273","2015","2.5",94,"dmp"
"275","2015","3.5",110,"dmp"
"278","2016","5.5",120,"dmp"
"279","2016","4.5",128,"dmp"
"280","2016","2.5",96,"dmp"
"281","2016","7.5",138,"dmp"
"282","2016","2.5",102,"dmp"
"283","2016","5.5",100,"dmp"
"284","2016","3.5",90,"dmp"
"285","2016","2.5",99,"dmp"
"286","2016","2.5",93,"dmp"
"287","2016","4.5",106,"dmp"
"288","2016","7.5",105,"dmp"
"289","2016","2.5",105,"dmp"
"290","2016","8.5",115,"dmp"
"291","2016","2.5",105,"dmp"
"292","2016","6.5",120,"dmp"
"294","2016","5.5",116,"dmp"
"295","2016","2.5",115,"dmp"
"296","2016","4.5",110,"dmp"
"297","2016","4.5",102,"dmp"
"298","2016","4.5",118,"dmp"
"299","2016","4.5",110,"dmp"
"300","2016","3.5",91,"dmp"
"301","2016","3.5",105,"dmp"
"302","2016","4.5",112,"dmp"
"303","2016","3.5",104,"dmp"
"304","2016","2.5",73,"dmp"
"305","2016","5.5",105,"dmp"
"306","2016","6.5",119,"dmp"
"307","2016","7.5",101,"dmp"
"311","2016","8.5",122,"dmp"
"312","2017","7.5",101,"dmp"
"313","2017","6.5",106,"dmp"
"314","2017","6.5",99,"dmp"
"315","2017","5.5",123,"dmp"
"316","2017","2.5",98,"dmp"
"317","2017","1.5",80,"dmp"
"318","2017","5.5",98,"dmp"
"319","2017","2.5",103,"dmp"
"320","2017","4.5",94,"dmp"
"321","2017","5.5",117,"dmp"
"322","2017","4.5",109,"dmp"
"323","2017","3.5",109,"dmp"
"324","2017","2.5",95,"dmp"
"325","2017","5.5",97,"dmp"
"326","2017","9.5",109,"dmp"
"327","2017","7.5",100,"dmp"
"328","2017","3.5",105,"dmp"
"329","2017","9.5",110,"dmp"
"330","2017","8.5",126,"dmp"
"331","2017","7.5",114,"dmp"
"332","2017","4.5",95,"dmp"
"333","2017","4.5",108,"dmp"
"334","2017","8.5",109,"dmp"
"335","2017","2.5",103,"dmp"
"336","2017","4.5",104,"dmp"
"337","2017","3.5",90,"dmp"
"338","2017","3.5",93,"dmp"
"339","2017","1.5",73,"dmp"
"340","2017","3.5",102,"dmp"
"341","2017","3.5",110,"dmp"
"342","2017","5.5",90,"dmp"
"343","2018","4.5",108,"dmp"
"344","2018","8.5",118,"dmp"
"345","2018","4.5",95,"dmp"
"346","2018","4.5",119,"dmp"
"347","2018","2.5",85,"dmp"
"348","2018","2.5",92,"dmp"
"349","2018","2.5",108,"dmp"
"350","2018","8.5",105,"dmp"
"351","2018","9.5",105,"dmp"
"352","2018","6.5",123,"dmp"
"353","2018","9.5",121,"dmp"
"354","2018","4.5",107,"dmp"
"355","2018","2.5",87,"dmp"
"356","2018","2.5",85,"dmp"
"358","2018","6.5",105,"dmp"
"359","2018","6.5",109,"dmp"
"360","2018","4.5",102,"dmp"
"361","2018","4.5",115,"dmp"
"362","2018","6.5",101,"dmp"
"363","2018","6.5",89,"dmp"
"364","2018","5.5",85,"dmp"
"366","2018","4.5",96,"dmp"
"367","2018","4.5",99,"dmp"
"368","2018","3.5",111,"dmp"
"369","2018","4.5",115,"dmp"
"370","2018","3.5",106,"dmp"
"371","2018","3.5",97,"dmp"
"372","2019","4.5",101,"dmp"
"373","2019","8.5",116,"dmp"
"374","2019","2.5",108,"dmp"
"375","2019","6.5",95,"dmp"
"376","2019","3.5",114,"dmp"
"377","2019","2.5",101,"dmp"
"378","2019","5.5",112,"dmp"
"379","2019","6.5",123,"dmp"
"380","2019","7.5",111,"dmp"
"381","2019","5.5",117,"dmp"
"382","2019","2.5",109,"dmp"
"383","2019","5.5",102,"dmp"
"384","2019","2.5",103,"dmp"
"385","2019","2.5",110,"dmp"
"387","2019","6.5",97,"dmp"
"388","2019","5.5",104,"dmp"
"389","2019","2.5",104,"dmp"
"390","2019","7.5",134,"dmp"
"391","2019","9.5",114,"dmp"
"392","2019","3.5",92,"dmp"
"393","2019","5.5",120,"dmp"
"394","2019","3.5",115,"dmp"
"395","2019","5.5",107,"dmp"
"396","2019","3.5",97,"dmp"
"397","2019","5.5",118,"dmp"
"399","2019","6.5",109,"dmp"
"400","2019","7.5",97,"dmp"
"401","2019","5.5",100,"dmp"
"402","2020","3.5",105,"dmp"
"403","2020","6.5",109,"dmp"
"404","2020","8.5",115,"dmp"
"405","2020","6.5",115,"dmp"
"406","2020","4.5",109,"dmp"
"407","2020","3.5",114,"dmp"
"408","2020","4.5",95,"dmp"
"409","2020","2.5",107,"dmp"
"410","2020","4.5",93,"dmp"
"411","2020","2.5",107,"dmp"
"412","2020","2.5",96,"dmp"
"413","2020","8.5",101,"dmp"
"414","2020","7.5",111,"dmp"
"415","2020","7.5",84,"dmp"
"416","2020","6.5",101,"dmp"
"417","2020","6.5",116,"dmp"
"418","2020","8.5",99,"dmp"
"419","2020","8.5",111,"dmp"
"420","2020","5.5",112,"dmp"
"421","2020","2.5",87,"dmp"
"422","2020","5.5",118,"dmp"
"423","2020","3.5",96,"dmp"
"424","2020","7.5",112,"dmp"
"426","2020","2.5",108,"dmp"
"427","2020","2.5",104,"dmp"
"428","2020","3.5",99,"dmp"
"429","2020","3.5",95,"dmp"
"430","2020","2.5",87,"dmp"
"432","2021","5.5",122,"dmp"
"433","2021","7.5",82,"dmp"
"434","2021","5.5",119,"dmp"
"435","2021","4.5",104,"dmp"
"436","2021","4.5",98,"dmp"
"437","2021","7.5",93,"dmp"
"438","2021","3.5",111,"dmp"
"439","2021","7.5",125,"dmp"
"440","2021","2.5",90,"dmp"
"441","2021","3.5",111,"dmp"
"442","2021","5.5",103,"dmp"
"443","2021","6.5",93,"dmp"
"444","2021","4.5",113,"dmp"
"446","2021","3.5",112,"dmp"
"447","2021","4.5",106,"dmp"
"448","2021","2.5",99,"dmp"
"449","2021","2.5",116,"dmp"
"451","2021","9.5",105,"dmp"
"452","2021","4.5",111,"dmp"
"453","2021","7.5",104,"dmp"
"454","2021","3.5",103,"dmp"
"455","2021","3.5",99,"dmp"
"456","2021","8.5",96,"dmp"
"457","2021","7.5",117,"dmp"
"458","2021","9.5",122,"dmp"
"459","2021","3.5",109,"dmp"
"460","2021","5.5",99,"dmp"
"461","2021","7.5",101,"dmp"
"462","2021","1.5",88,"dmp"
"1233","2022","5.5",113,"fed"
"2100","2022","5.5",110,"fed"
"3100","2023","5.5",104,"fed"
"4100","2023","2.5",84,"fed"
"578","2023","5.5",103,"fed"
"637","2021","1.5",77,"fed"
"7100","2021","6.5",108,"fed"
"8100","2021","3.5",110,"fed"
"9100","2021","3.5",105,"fed"
"10100","2021","5.5",127,"fed"
"11100","2021","2.5",86,"fed"
"1374","2021","2.5",127,"fed"
"14100","2021","3.5",130,"fed"
"1526","2021","1.5",78,"fed"
"1710","2021","4.5",91,"fed"
"1810","2021","6.5",91,"fed"
"2010","2021","1.5",84,"fed"
"2110","2021","4.5",93,"fed"
"2210","2021","5.5",114,"fed"
"2510","2021","3.5",95,"fed"
"2610","2021","9.5",101,"fed"
"2710","2021","6.5",113,"fed"
"2910","2021","6.5",103,"fed"
"3110","2021","4.5",100,"fed"
"3310","2021","7.5",87,"fed"
"3410","2021","2.5",83,"fed"
"3510","2021","6.5",101,"fed"
"3810","2021","3.5",105,"fed"
"3910","2021","4.5",106,"fed"
"4010","2021","2.5",86,"fed"
"4110","2021","3.5",93,"fed"
"4210","2021","5.5",92,"fed"
"4310","2021","5.5",104,"fed"
"4410","2022","2.5",106,"fed"
"4510","2022","3.5",88,"fed"
"4610","2022","4.5",99,"fed"
"4710","2022","4.5",110,"fed"
"4810","2022","6.5",113,"fed"
"4910","2022","1.5",56,"fed"
"5010","2022","4.5",97,"fed"
"5110","2022","3.5",88,"fed"
"5210","2022","3.5",95,"fed"
"5310","2022","2.5",97,"fed"
"5410","2022","6.5",116,"fed"
"5510","2022","3.5",97,"fed"
"5610","2022","4.5",119,"fed"
"5710","2022","5.5",113,"fed"
"5810","2022","3.5",125,"fed"
"5910","2022","1.5",78,"fed"
"6010","2022","6.5",101,"fed"
"6110","2022","4.5",108,"fed"
"6210","2022","2.5",73,"fed"
"6310","2022","6.5",109,"fed"
"6610","2022","3.5",88,"fed"
"6710","2022","3.5",96,"fed"
"6810","2022","5.5",93,"fed"
"7010","2022","1.5",84,"fed"
"7110","2022","5.5",103,"fed"
"7210","2022","5.5",114,"fed"
"7310","2022","4.5",100,"fed"
"7410","2022","6.5",106,"fed"
"7510","2022","7.5",118,"fed"
"7610","2022","4.5",92,"fed"
"7710","2022","4.5",101,"fed"
"7810","2022","5.5",73,"fed"
"7910","2022","6.5",101,"fed"
"8010","2022","7.5",108,"fed"
"8110","2022","6.5",106,"fed"
"8210","2022","5.5",70,"fed"
"8310","2022","7.5",97,"fed"
"8510","2022","7.5",96,"fed"
"8610","2022","6.5",105,"fed"
"8710","2022","6.5",106,"fed"
"8810","2022","6.5",109,"fed"
"8910","2022","4.5",97,"fed"
"9010","2022","5.5",100,"fed"
"9110","2022","5.5",112,"fed"
"9410","2022","1.5",56,"fed"
"9510","2022","5.5",104,"fed"
"9610","2022","6.5",101,"fed"
"9710","2022","6.5",104,"fed"
"9810","2022","4.5",105,"fed"
"9910","2022","3.5",112,"fed"
"10010","2022","5.5",125,"fed"
"10110","2022","6.5",109,"fed"
"10210","2022","1.5",90,"fed"
"10310","2022","4.5",92,"fed"
"10410","2022","5.5",109,"fed"
"10510","2022","4.5",103,"fed"
"10610","2022","8.5",101,"fed"
"10710","2022","8.5",93,"fed"
"10810","2022","4.5",91,"fed"
"10910","2022","7.5",109,"fed"
"11010","2022","1.5",83,"fed"
"11110","2022","1.5",71,"fed"
"11210","2022","4.5",103,"fed"
"11310","2022","8.5",104,"fed"
"11410","2022","3.5",109,"fed"
"11510","2022","9.5",99,"fed"
"12610","2022","7.5",105,"fed"
"12710","2022","6.5",100,"fed"
"12810","2022","2.5",105,"fed"
"12910","2022","5.5",103,"fed"
"1303","2022","3.5",93,"fed"
"13110","2022","6.5",106,"fed"
"13210","2020","3.5",101,"fed"
"13310","2020","4.5",99,"fed"
"13410","2020","4.5",104,"fed"
"14610","2020","1.5",95,"fed"
"15410","2020","1.5",81,"fed"
"15810","2020","7.5",116,"fed"
"15910","2020","3.5",87,"fed"
"1606","2020","4.5",114,"fed"
"1611","2020","9.5",138,"fed"
"1621","2020","5.5",104,"fed"
"1631","2020","5.5",106,"fed"
"1641","2020","1.5",62,"fed"
"1651","2020","7.5",119,"fed"
"1661","2021","7.5",105,"fed"
"1671","2021","4.5",90,"fed"
"1681","2021","3.5",101,"fed"
"1691","2021","3.5",82,"fed"
"1701","2021","3.5",87,"fed"
"1711","2021","6.5",92,"fed"
"1721","2021","5.5",104,"fed"
"1731","2021","3.5",91,"fed"
"1741","2021","3.5",66,"fed"
"1751","2021","6.5",108,"fed"
"1761","2021","4.5",130,"fed"
"1771","2021","1.5",93,"fed"
"1781","2021","6.5",129,"fed"
"1791","2021","2.5",93,"fed"
"1811","2021","5.5",97,"fed"
"1821","2021","2.5",106,"fed"
"1831","2021","8.5",116,"fed"
"1841","2021","2.5",91,"fed"
"1851","2021","3.5",126,"fed"
"1861","2021","2.5",88,"fed"
"1871","2021","2.5",80,"fed"
"1881","2021","4.5",101,"fed"
"1891","2021","4.5",93,"fed"
"1901","2021","5.5",108,"fed"
"1911","2021","1.5",86,"fed"
"1921","2021","6.5",100,"fed"
"1931","2021","6.5",101,"fed"
"1941","2021","4.5",92,"fed"
"1951","2021","5.5",116,"fed"
"1961","2021","4.5",101,"fed"
"1971","2021","1.5",74,"fed"
"1981","2021","6.5",92,"fed"
"1991","2021","3.5",97,"fed"
"2001","2021","8.5",96,"fed"
"2011","2021","1.5",69,"fed"
"2021","2021","5.5",92,"fed"
"2031","2021","6.5",109,"fed"
"2041","2021","1.5",73,"fed"
"2051","2021","2.5",92,"fed"
"2061","2021","1.5",78,"fed"
"2091","2021","4.5",100,"fed"
"2101","2021","6.5",108,"fed"
"2111","2021","3.5",90,"fed"
"2131","2021","3.5",101,"fed"
"2151","2021","2.5",95,"fed"
"2161","2021","5.5",117,"fed"
"2171","2021","3.5",80,"fed"
"2181","2021","5.5",113,"fed"
"2191","2021","3.5",92,"fed"
"2201","2021","5.5",100,"fed"
"2231","2021","7.5",108,"fed"
"2241","2021","5.5",106,"fed"
"2251","2021","3.5",108,"fed"
"2291","2021","8.5",110,"fed"
"2301","2021","2.5",103,"fed"
"233","2021","1.5",73,"fed"
"2361","2021","2.5",104,"fed"
"2371","2021","6.5",101,"fed"
"2381","2021","2.5",99,"fed"
"2391","2021","1.5",66,"fed"
"2401","2021","3.5",105,"fed"
"2411","2021","1.5",78,"fed"
"2421","2021","1.5",65,"fed"
"2431","2021","6.5",108,"fed"
"2461","2021","4.5",99,"fed"
"2471","2021","1.5",79,"fed"
"2491","2021","1.5",70,"fed"
"2501","2021","3.5",92,"fed"
"2511","2021","2.5",80,"fed"
"2521","2021","2.5",95,"fed"
"2531","2021","6.5",105,"fed"
"2551","2021","8.5",93,"fed"
"2561","2021","9.5",99,"fed"
"2571","2021","3.5",103,"fed"
"2581","2021","3.5",91,"fed"
"2591","2021","2.5",93,"fed"
"2601","2021","1.5",77,"fed"
"2621","2021","4.5",92,"fed"
"2631","2021","2.5",75,"fed"
"2641","2021","7.5",96,"fed"
"2651","2021","6.5",96,"fed"
"2661","2021","3.5",100,"fed"
"2671","2021","4.5",104,"fed"
"2681","2021","3.5",103,"fed"
"2691","2021","7.5",75,"fed"
"2721","2021","6.5",118,"fed"
"2731","2021","8.5",125,"fed"
"2741","2021","4.5",97,"fed"
"2751","2021","4.5",95,"fed"
"2761","2021","6.5",88,"fed"
"2781","2021","1.5",77,"fed"
"2791","2021","5.5",103,"fed"
"2801","2021","2.5",84,"fed"
"2811","2021","3.5",91,"fed"
"2821","2021","7.5",127,"fed"
"2831","2021","4.5",92,"fed"
"2841","2021","4.5",105,"fed"
"2851","2021","3.5",84,"fed"
"2861","2021","3.5",100,"fed"
"2871","2021","4.5",86,"fed"
"2881","2021","5.5",104,"fed"
"2891","2021","7.5",110,"fed"
"2901","2021","5.5",91,"fed"
"2911","2021","4.5",80,"fed"
"2921","2021","1.5",67,"fed"
"2931","2021","4.5",92,"fed"
"2941","2021","4.5",101,"fed"
"2951","2021","5.5",93,"fed"
"2961","2021","5.5",97,"fed"
"2971","2021","5.5",100,"fed"
"2981","2021","5.5",99,"fed"
"2991","2021","6.5",108,"fed"
"3001","2021","5.5",97,"fed"
"3011","2021","5.5",109,"fed"
"3021","2021","4.5",104,"fed"
"3031","2021","5.5",97,"fed"
"3041","2021","5.5",97,"fed"
"3071","2021","6.5",103,"fed"
"3081","2021","4.5",91,"fed"
"3091","2021","5.5",106,"fed"
"3111","2021","5.5",93,"fed"
"3121","2021","4.5",92,"fed"
"3131","2021","3.5",84,"fed"
"3141","2021","6.5",93,"fed"
"3151","2021","6.5",93,"fed"
"3161","2019","4.5",113,"fed"
"3171","2019","7.5",144,"fed"
"3181","2019","4.5",99,"fed"
"3191","2019","3.5",96,"fed"
"3201","2019","5.5",97,"fed"
"3211","2019","5.5",108,"fed"
"3221","2019","5.5",104,"fed"
"3231","2019","5.5",100,"fed"
"3241","2019","2.5",83,"fed"
"3251","2019","1.5",73,"fed"
"3261","2019","4.5",103,"fed"
"3271","2019","4.5",116,"fed"
"3281","2019","7.5",93,"fed"
"3291","2019","1.5",77,"fed"
"3301","2019","1.5",84,"fed"
"3311","2019","4.5",103,"fed"
"3321","2019","1.5",82,"fed"
"3331","2019","5.5",118,"fed"
"3341","2019","6.5",91,"fed"
"3351","2019","6.5",88,"fed"
"3361","2019","4.5",112,"fed"
"3371","2019","7.5",92,"fed"
"3381","2019","4.5",104,"fed"
"3531","2020","4.5",113,"fed"
"3541","2020","5.5",95,"fed"
"3551","2020","3.5",103,"fed"
"3561","2020","4.5",90,"fed"
"3571","2020","6.5",131,"fed"
"3601","2020","2.5",96,"fed"
"3611","2020","4.5",122,"fed"
"3631","2020","1.5",61,"fed"
"3641","2020","7.5",100,"fed"
"3671","2020","3.5",88,"fed"
"3681","2020","2.5",86,"fed"
"3691","2020","2.5",87,"fed"
"3881","2020","4.5",105,"fed"
"3891","2020","4.5",105,"fed"
"3921","2020","1.5",64,"fed"
"3931","2020","6.5",117,"fed"
"3941","2020","4.5",99,"fed"
"3951","2020","5.5",104,"fed"
"3961","2020","3.5",80,"fed"
"3971","2020","7.5",91,"fed"
"3981","2018","5.5",114,"fed"
"3991","2018","5.5",106,"fed"
"4001","2018","5.5",113,"fed"
"4011","2018","7.5",118,"fed"
"4021","2018","4.5",125,"fed"
"4031","2018","7.5",108,"fed"
"4041","2018","5.5",112,"fed"
"4061","2018","3.5",116,"fed"
"4071","2019","4.5",127,"fed"
"4081","2019","3.5",112,"fed"
"4091","2019","5.5",117,"fed"
"4111","2019","3.5",105,"fed"
"4121","2019","4.5",109,"fed"
"4131","2019","6.5",105,"fed"
"4141","2019","3.5",101,"fed"
"4151","2019","7.5",119,"fed"
"4161","2019","2.5",90,"fed"
"4181","2019","2.5",103,"fed"
"4201","2019","4.5",114,"fed"
"4211","2019","6.5",118,"fed"
"4221","2019","3.5",110,"fed"
"4231","2019","5.5",125,"fed"
"4241","2019","4.5",112,"fed"
"4251","2019","5.5",105,"fed"
"4301","2019","6.5",123,"fed"
"4321","2019","5.5",109,"fed"
"4331","2019","5.5",112,"fed"
"4341","2019","3.5",113,"fed"
"4361","2019","1.5",95,"fed"
"4371","2019","5.5",105,"fed"
"4401","2019","6.5",110,"fed"
"4411","2019","5.5",118,"fed"
"4421","2019","3.5",106,"fed"
"4451","2019","6.5",108,"fed"
"4471","2019","1.5",86,"fed"
"4481","2019","4.5",108,"fed"
"4491","2019","5.5",121,"fed"
"4511","2017","6.5",104,"fed"
"467","2017","4.5",108,"fed"
"468","2017","5.5",118,"fed"
"504","2017","1.5",77,"fed"
"505","2017","1.5",77,"fed"
"528","2017","3.5",101,"fed"
"551","2017","3.5",106,"fed"
"559","2017","4.5",94,"fed"
"567","2017","3.5",103,"fed"
"570","2017","4.5",103,"fed"
"571","2017","4.5",103,"fed"
"574","2017","3.5",117,"fed"
"577","2017","4.5",101,"fed"
"580","2016","3.5",103,"fed"
"581","2016","3.5",103,"fed"
"582","2016","3.5",99,"fed"
"583","2016","3.5",90,"fed"
"584","2016","4.5",110,"fed"
"585","2016","2.5",117,"fed"
"586","2016","1.5",57,"fed"
"587","2016","6.5",109,"fed"
"589","2016","4.5",114,"fed"
"590","2016","3.5",103,"fed"
"591","2016","6.5",88,"fed"
"593","2016","4.5",103,"fed"
"594","2016","6.5",108,"fed"
"595","2016","5.5",99,"fed"
"596","2016","4.5",101,"fed"
"597","2016","1.5",66,"fed"
"598","2016","3.5",100,"fed"
"599","2016","4.5",109,"fed"
"600","2016","6.5",121,"fed"
"601","2016","6.5",78,"fed"
"602","2016","4.5",88,"fed"
"604","2016","6.5",121,"fed"
"611","2016","8.5",108,"fed"
"612","2016","8.5",122,"fed"
"613","2016","5.5",106,"fed"
"614","2016","8.5",116,"fed"
"615","2016","8.5",103,"fed"
"616","2016","5.5",112,"fed"
"617","2016","4.5",112,"fed"
"618","2016","4.5",101,"fed"
"619","2016","2.5",86,"fed"
"620","2016","5.5",108,"fed"
"621","2016","3.5",84,"fed"
"622","2016","3.5",86,"fed"
"623","2016","3.5",106,"fed"
"624","2016","6.5",108,"fed"
"632","2016","8.5",122,"fed"
"633","2016","8.5",106,"fed"
"634","2016","5.5",110,"fed"
"635","2016","2.5",79,"fed"
"636","2016","6.5",99,"fed"
"638","2016","6.5",104,"fed"
"639","2016","6.5",112,"fed"
"640","2016","7.5",96,"fed"
"641","2016","4.5",99,"fed"
"642","2016","3.5",84,"fed"
"643","2016","1.5",74,"fed"
"648","2016","3.5",92,"fed"
"656","2016","1.5",73,"fed"
"657","2016","3.5",91,"fed"
"658","2016","3.5",82,"fed"
"659","2016","3.5",101,"fed"
"660","2016","4.5",105,"fed"
"661","2016","4.5",116,"fed"
"662","2016","3.5",100,"fed"
"663","2016","6.5",114,"fed"
"664","2016","1.5",58,"fed"
"665","2016","5.5",105,"fed"
"666","2016","6.5",101,"fed"
"667","2016","2.5",80,"fed"
"668","2016","6.5",104,"fed"
"670","2016","2.5",71,"fed"
"671","2016","4.5",92,"fed"
"672","2016","8.5",91,"fed"
"673","2016","7.5",93,"fed"
"674","2016","1.5",70,"fed"
"675","2016","3.5",84,"fed"
"676","2016","2.5",96,"fed"
"677","2016","3.5",92,"fed"
"678","2016","8.5",104,"fed"
"680","2016","3.5",97,"fed"
"681","2016","4.5",110,"fed"
"682","2016","4.5",116,"fed"
"685","2016","2.5",93,"fed"
"712","2014","1.5",82,"fed"
"713","2014","5.5",119,"fed"
"714","2014","1.5",86,"fed"
"715","2014","1.5",84,"fed"
"716","2014","1.5",89,"fed"
"717","2014","3.5",108,"fed"
"718","2014","1.5",110,"fed"
"719","2014","3.5",95,"fed"
"720","2014","2.5",113,"fed"
"721","2014","5.5",120,"fed"
"722","2014","5.5",92,"fed"
"723","2014","1.5",95,"fed"
"724","2014","5.5",110,"fed"
"725","2014","1.5",89,"fed"
"726","2014","1.5",92,"fed"
"727","2014","4.5",123,"fed"
"728","2014","6.5",99,"fed"
"729","2014","1.5",105,"fed"
"730","2014","3.5",103,"fed"
"731","2014","2.5",110,"fed"
"732","2014","1.5",96,"fed"
"733","2014","4.5",114,"fed"
"734","2014","2.5",115,"fed"
"735","2014","3.5",98,"fed"
"736","2014","1.5",108,"fed"
"737","2014","2.5",118,"fed"
"738","2014","1.5",114,"fed"
"739","2014","1.5",88,"fed"
"740","2014","2.5",96,"fed"
"741","2014","5.5",112,"fed"
"742","2014","5.5",92,"fed"
"743","2014","1.5",98,"fed"
"744","2014","1.5",101,"fed"
"745","2014","1.5",93,"fed"
"746","2014","8.5",106,"fed"
"747","2014","1.5",101,"fed"
"748","2014","3.5",121,"fed"
"749","2014","4.5",125,"fed"
"750","2014","1.5",96,"fed"
"751","2014","4.5",114,"fed"
"752","2014","2.5",117,"fed"
"753","2014","4.5",139,"fed"
"754","2014","8.5",136,"fed"
"755","2014","5.5",115,"fed"
"756","2014","1.5",92,"fed"
"757","2014","3.5",105,"fed"
"758","2014","1.5",103,"fed"
"759","2014","1.5",101,"fed"
"760","2014","1.5",98,"fed"
"761","2014","2.5",121,"fed"
"762","2014","1.5",101,"fed"
"763","2014","2.5",96,"fed"
"764","2014","1.5",105,"fed"
"765","2014","2.5",93,"fed"
"766","2014","1.5",103,"fed"
"767","2014","2.5",114,"fed"
"768","2014","2.5",109,"fed"
"769","2014","5.5",135,"fed"
"770","2014","1.5",87,"fed"
"771","2014","2.5",97,"fed"
"776","2014","1.5",93,"fed"
"782","2014","1.5",95,"fed"
"797","2014","1.5",79,"fed"
"800","2014","1.5",84,"fed"
"811","2014","4.5",105,"fed"
"812","2014","5.5",122,"fed"
"813","2015","4.5",117,"fed"
"814","2015","6.5",121,"fed"
"815","2015","3.5",116,"fed"
"816","2015","5.5",127,"fed"
"817","2015","4.5",96,"fed"
"818","2015","2.5",121,"fed"
"819","2015","2.5",92,"fed"
"820","2015","5.5",110,"fed"
"821","2015","4.5",105,"fed"
"822","2015","6.5",128,"fed"
"823","2015","4.5",122,"fed"
"824","2015","2.5",89,"fed"
"825","2015","5.5",107,"fed"
"826","2015","4.5",95,"fed"
"827","2015","5.5",109,"fed"
"828","2015","7.5",93,"fed"
"842","2015","1.5",88,"fed"
"847","2015","1.5",91,"fed"
"853","2015","1.5",101,"fed"
"861","2015","1.5",93,"fed"
"869","2015","5.5",123,"fed"
"870","2015","7.5",133,"fed"
"871","2015","4.5",103,"fed"
"872","2015","4.5",103,"fed"
"873","2015","4.5",123,"fed"
"874","2015","4.5",112,"fed"
"875","2015","2.5",96,"fed"
"876","2015","2.5",107,"fed"
"877","2015","5.5",102,"fed"
"878","2015","2.5",117,"fed"
"879","2015","7.5",104,"fed"
"880","2015","6.5",121,"fed"
"881","2015","2.5",119,"fed"
"882","2015","4.5",144,"fed"
"883","2015","6.5",133,"fed"
"884","2015","7.5",122,"fed"
"885","2015","3.5",107,"fed"
"886","2015","2.5",97,"fed"
"887","2015","5.5",127,"fed"
"888","2015","5.5",124,"fed"
"889","2015","1.5",92,"fed"
"890","2015","4.5",122,"fed"
"891","2015","8.5",115,"fed"
"892","2015","5.5",116,"fed"
"893","2015","6.5",110,"fed"
"902","2015","1.5",100,"fed"
"917","2015","5.5",115,"fed"
"918","2015","1.5",101,"fed"
"919","2015","5.5",115,"fed"
"920","2015","6.5",123,"fed"
"921","2015","4.5",103,"fed"
"922","2015","6.5",130,"fed"
"923","2015","6.5",103,"fed"
"924","2015","6.5",100,"fed"
"925","2015","3.5",110,"fed"
"926","2015","2.5",101,"fed"
"927","2015","7.5",131,"fed"
"928","2015","3.5",122,"fed"
"929","2015","4.5",111,"fed"
"930","2015","1.5",92,"fed"
"931","2015","2.5",102,"fed"
"932","2015","6.5",122,"fed"
"933","2015","1.5",110,"fed"
"934","2015","3.5",115,"fed"
"935","2015","4.5",105,"fed"
"936","2015","5.5",117,"fed"
"937","2015","2.5",112,"fed"
"938","2015","3.5",106,"fed"
"939","2015","1.5",95,"fed"
"940","2015","2.5",130,"fed"
"941","2015","8.5",123,"fed"
"944","2015","1.5",89,"fed"
"947","2015","1.5",84,"fed"
"980","2015","1.5",81,"fed"
"983","2015","1.5",77,"fed"
"985","2015","1.5",94,"fed"
"992","2015","4.5",114,"fed"
"993","2015","3.5",87,"fed"
"994","2015","5.5",104,"fed"
"995","2015","2.5",110,"fed"
"996","2015","2.5",93,"fed"
"997","2015","4.5",110,"fed"
"998","2015","6.5",95,"fed"
"999","2015","5.5",115,"fed"
"1000","2015","3.5",106,"fed"
"1001","2015","4.5",134,"fed"
"1002","2015","4.5",123,"fed"
"1003","2015","2.5",114,"fed"
"1004","2015","2.5",124,"fed"
"1005","2015","7.5",135,"fed"
"1006","2015","6.5",142,"fed"
"1007","2015","2.5",104,"fed"
"1008","2015","8.5",146,"fed"
"1009","2015","4.5",116,"fed"
"1010","2015","2.5",134,"fed"
"1011","2015","6.5",133,"fed"
"1012","2015","1.5",98,"fed"
"1013","2015","3.5",124,"fed"
"1014","2015","8.5",117,"fed"
"1015","2015","1.5",99,"fed"
"1016","2015","2.5",111,"fed"
"1017","2015","7.5",133,"fed"
"1018","2015","1.5",95,"fed"
"1019","2015","4.5",101,"fed"
"1020","2015","3.5",98,"fed"
"1021","2015","4.5",129,"fed"
"1022","2015","3.5",112,"fed"
"1023","2015","6.5",119,"fed"
"1024","2015","7.5",116,"fed"
"1025","2015","2.5",110,"fed"
"1026","2015","8.5",139,"fed"
"1027","2015","1.5",94,"fed"
"1028","2015","6.5",125,"fed"
"1029","2015","1.5",95,"fed"
"1030","2015","6.5",105,"fed"
"1031","2015","5.5",123,"fed"
"1032","2015","8.5",125,"fed"
"1033","2015","1.5",94,"fed"
"1034","2015","5.5",107,"fed"
"1035","2015","1.5",93,"fed"
"1036","2015","5.5",113,"fed"
"1037","2015","2.5",107,"fed"
"1038","2015","7.5",133,"fed"
"1039","2015","1.5",90,"fed"
"1040","2015","4.5",123,"fed"
"1041","2015","2.5",116,"fed"
"1042","2015","4.5",130,"fed"
"1043","2015","8.5",126,"fed"
"1044","2015","8.5",112,"fed"
"1045","2015","1.5",97,"fed"
"1046","2015","3.5",103,"fed"
"1047","2015","2.5",101,"fed"
"1048","2015","3.5",104,"fed"
"1049","2015","6.5",122,"fed"
"1050","2015","2.5",101,"fed"
"1051","2015","4.5",92,"fed"
"1052","2015","2.5",119,"fed"
"1053","2015","5.5",123,"fed"
"1054","2015","4.5",115,"fed"
"1055","2015","3.5",125,"fed"
"1056","2015","8.5",116,"fed"
"1057","2015","4.5",117,"fed"
"1058","2015","1.5",100,"fed"
"1059","2015","1.5",94,"fed"
"1066","2015","3.5",117,"fed"
"1068","2015","5.5",124,"fed"
"1069","2015","4.5",99,"fed"
"1070","2015","5.5",121,"fed"
"1071","2015","6.5",127,"fed"
"1072","2015","1.5",85,"fed"
"1075","2015","1.5",95,"fed"
"1076","2015","4.5",119,"fed"
"1079","2015","1.5",100,"fed"
"1080","2015","4.5",119,"fed"
"1081","2015","7.5",115,"fed"
"1082","2015","7.5",136,"fed"
"1086","2015","6.5",118,"fed"
"1087","2015","3.5",124,"fed"
"1088","2015","3.5",114,"fed"
"1089","2015","4.5",114,"fed"
"1091","2015","1.5",88,"fed"
"1093","2015","1.5",82,"fed"
"1095","2015","6.5",114,"fed"
"1109","2015","1.5",93,"fed"
"1112","2015","2.5",91,"fed"
"1113","2015","1.5",90,"fed"
"1114","2015","2.5",116,"fed"
"1115","2015","1.5",95,"fed"
"1117","2015","7.5",93,"fed"
"1118","2015","4.5",114,"fed"
"1119","2015","3.5",105,"fed"
"1120","2015","4.5",136,"fed"
"1121","2015","4.5",119,"fed"
"1122","2015","6.5",106,"fed"
"1127","2015","1.5",88,"fed"
"1128","2015","4.5",86,"fed"
"1129","2015","2.5",92,"fed"
"1130","2015","5.5",117,"fed"
"1131","2015","4.5",105,"fed"
"1132","2015","1.5",97,"fed"
"1133","2015","6.5",106,"fed"
"1134","2015","1.5",82,"fed"
"1135","2015","1.5",90,"fed"
"1136","2015","5.5",112,"fed"
"1137","2015","2.5",100,"fed"
"1138","2015","3.5",112,"fed"
"1139","2015","1.5",95,"fed"
"1140","2015","2.5",87,"fed"
"1142","2015","2.5",95,"fed"
"1143","2015","6.5",121,"fed"
"1144","2015","1.5",88,"fed"
"1145","2015","3.5",95,"fed"
"1146","2015","6.5",112,"fed"
"1148","2015","4.5",108,"fed"
"1149","2015","2.5",86,"fed"
"1152","2015","2.5",100,"fed"
"1153","2015","5.5",122,"fed"
"1154","2015","4.5",121,"fed"
"1155","2015","1.5",95,"fed"
"1156","2015","5.5",104,"fed"
"1157","2015","4.5",100,"fed"
"1159","2015","3.5",116,"fed"
"1160","2015","3.5",125,"fed"
"1161","2015","4.5",105,"fed"
"1162","2015","5.5",106,"fed"
"1163","2015","5.5",103,"fed"
"1164","2015","3.5",123,"fed"
"1165","2015","2.5",101,"fed"
"1167","2015","4.5",121,"fed"
"1168","2015","3.5",129,"fed"
"1170","2015","1.5",100,"fed"
"1171","2015","5.5",106,"fed"
"1172","2015","2.5",96,"fed"
"1173","2015","5.5",118,"fed"
"1176","2015","1.5",81,"fed"
"1194","2015","2.5",91,"fed"
"1200","2013","6.5",118,"fed"
"1201","2013","6.5",115,"fed"
"1202","2013","1.5",93,"fed"
"1203","2013","5.5",129,"fed"
"1204","2013","6.5",126,"fed"
"1205","2013","2.5",121,"fed"
"1206","2013","2.5",102,"fed"
"1207","2013","3.5",129,"fed"
"1208","2013","5.5",115,"fed"
"1209","2013","2.5",117,"fed"
"1212","2010","1.5",100,"fed"
"1231","2011","7.5",102,"fed"
"1232","2011","4.5",134,"fed"
"1234","2011","8.5",111,"fed"
"1235","2011","3.5",115,"fed"
"1236","2011","4.5",118,"fed"
"1237","2011","9.5",105,"fed"
"1238","2011","4.5",92,"fed"
"1239","2011","4.5",128,"fed"
"1240","2011","8.5",105,"fed"
"1241","2011","4.5",121,"fed"
"1242","2011","3.5",113,"fed"
"1243","2011","4.5",116,"fed"
"1244","2011","1.5",88,"fed"
"1245","2011","1.5",79,"fed"
"1246","2012","5.5",121,"fed"
"1248","2012","1.5",90,"fed"
"1252","2012","1.5",80,"fed"
"1270","2012","1.5",80,"fed"
"1286","2012","6.5",105,"fed"
"1287","2012","7.5",108,"fed"
"1288","2012","3.5",121,"fed"
"1289","2012","1.5",88,"fed"
"1290","2012","1.5",93,"fed"
"1291","2012","3.5",109,"fed"
"1292","2012","1.5",78,"fed"
"1293","2012","5.5",109,"fed"
"1294","2012","3.5",101,"fed"
"1295","2012","1.5",93,"fed"
"1296","2012","1.5",99,"fed"
"1297","2012","6.5",104,"fed"
"1298","2012","7.5",119,"fed"
"1299","2012","5.5",96,"fed"
"1301","2012","4.5",104,"fed"
"1302","2012","1.5",73,"fed"
"1304","2012","7.5",108,"fed"
"1305","2012","1.5",93,"fed"
"1306","2012","5.5",100,"fed"
"1307","2012","1.5",83,"fed"
"1308","2012","1.5",88,"fed"
"1309","2012","6.5",113,"fed"
"1330","2013","1.5",90,"fed"
"1331","2013","5.5",122,"fed"
"1333","2013","3.5",113,"fed"
"1334","2013","6.5",127,"fed"
"1335","2013","7.5",136,"fed"
"1336","2013","7.5",141,"fed"
"1337","2013","6.5",98,"fed"
"1338","2013","3.5",123,"fed"
"1339","2013","4.5",123,"fed"
"1340","2013","4.5",123,"fed"
"1341","2013","5.5",118,"fed"
"1355","2013","3.5",105,"fed"
"1356","2013","4.5",109,"fed"
"1360","2013","3.5",91,"fed"
"1361","2013","4.5",102,"fed"
"1363","2013","1.5",91,"fed"
"1367","2013","3.5",106,"fed"
"1368","2013","4.5",127,"fed"
"1369","2013","4.5",112,"fed"
"1370","2013","3.5",102,"fed"
"1371","2013","4.5",125,"fed"
"1373","2013","5.5",105,"fed"
"1378","2013","1.5",101,"fed"
"1379","2013","6.5",110,"fed"
"1380","2013","6.5",121,"fed"
"1383","2013","7.5",112,"fed"
"1387","2013","3.5",98,"fed"
"1389","2013","1.5",96,"fed"
"1399","2013","1.5",88,"fed"
"1404","2013","2.5",110,"fed"
"1405","2013","4.5",104,"fed"
"1407","2013","3.5",108,"fed"
"1408","2013","6.5",116,"fed"
"1410","2013","3.5",102,"fed"
"1411","2013","2.5",107,"fed"
"1412","2013","5.5",117,"fed"
"1413","2013","4.5",111,"fed"
"1414","2013","3.5",116,"fed"
"1421","2013","4.5",105,"fed"
"1422","2013","5.5",121,"fed"
"1423","2013","4.5",121,"fed"
"1424","2013","1.5",89,"fed"
"1425","2013","6.5",118,"fed"
"1426","2013","6.5",115,"fed"
"1427","2013","1.5",93,"fed"
"1428","2013","5.5",129,"fed"
"1429","2013","6.5",126,"fed"
"1430","2013","2.5",121,"fed"
"1431","2013","2.5",102,"fed"
"1432","2013","3.5",129,"fed"
"1433","2013","5.5",115,"fed"
"1434","2013","2.5",117,"fed"
"1435","2009","2.5",118,"fed"
"1436","2009","8.5",116,"fed"
"1437","2009","5.5",114,"fed"
"1438","2009","2.5",124,"fed"
"1439","2009","2.5",115,"fed"
"1440","2009","7.5",124,"fed"
"1441","2009","2.5",122,"fed"
"1442","2009","2.5",117,"fed"
"1443","2009","6.5",130,"fed"
"1444","2009","5.5",130,"fed"
"1445","2009","5.5",125,"fed"
"1446","2009","6.5",125,"fed"
"1447","2009","4.5",136,"fed"
"1448","2009","4.5",127,"fed"
"1449","2009","2.5",124,"fed"
"1450","2009","4.5",110,"fed"
"1451","2009","2.5",100,"fed"
"1452","2009","4.5",128,"fed"
"1453","2009","7.5",130,"fed"
"1454","2009","5.5",123,"fed"
"1455","2009","5.5",133,"fed"
"1456","2009","6.5",129,"fed"
"1457","2009","4.5",113,"fed"
"1458","2009","1.5",102,"fed"
"1459","2009","3.5",121,"fed"
"1460","2009","8.5",124,"fed"
"1461","2009","4.5",125,"fed"
"1462","2009","3.5",120,"fed"
"1463","2009","3.5",124,"fed"
"1464","2009","1.5",100,"fed"
"1472","2010","8.5",106,"fed"
"1475","2010","1.5",101,"fed"
"1477","2010","5.5",123,"fed"
"1480","2010","4.5",114,"fed"
"1481","2010","3.5",118,"fed"
"1484","2010","3.5",116,"fed"
"1485","2010","5.5",130,"fed"
"1486","2010","8.5",143,"fed"
"1492","2010","5.5",112,"fed"
"1493","2010","4.5",109,"fed"
"1494","2010","4.5",126,"fed"
"1495","2010","8.5",136,"fed"
"1496","2010","6.5",123,"fed"
"1499","2010","5.5",119,"fed"
"1500","2010","2.5",101,"fed"
"1501","2010","5.5",129,"fed"
"1505","2010","5.5",130,"fed"
"1506","2010","8.5",122,"fed"
"1507","2010","2.5",103,"fed"
"1508","2010","5.5",127,"fed"
"1509","2010","1.5",114,"fed"
"1510","2010","3.5",109,"fed"
"1511","2010","4.5",123,"fed"
"1512","2010","2.5",86,"fed"
"1513","2010","7.5",91,"fed"
"1514","2010","1.5",91,"fed"
"1525","2006","3.5",100,"fed"
"1527","2006","3.5",113,"fed"
"1528","2006","6.5",130,"fed"
"1529","2006","5.5",110,"fed"
"1530","2006","5.5",97,"fed"
"1531","2006","5.5",110,"fed"
"1532","2006","5.5",104,"fed"
"1533","2006","3.5",91,"fed"
"1534","2006","6.5",104,"fed"
"1535","2006","5.5",91,"fed"
"1536","2006","5.5",97,"fed"
"1537","2006","5.5",110,"fed"
"1538","2006","2.5",149,"fed"
"1539","2006","3.5",97,"fed"
"1540","2006","2.5",97,"fed"
"1541","2006","5.5",110,"fed"
"1542","2006","5.5",84,"fed"
"1543","2006","1.5",71,"fed"
"1544","2006","5.5",91,"fed"
"1545","2006","5.5",105,"fed"
"1546","2006","2.5",97,"fed"
"1547","2006","6.5",97,"fed"
"1548","2006","2.5",117,"fed"
"1549","2006","3.5",117,"fed"
"1550","2006","2.5",71,"fed"
"1551","2006","2.5",97,"fed"
"1552","2006","2.5",110,"fed"
"1553","2006","3.5",91,"fed"
"1554","2006","4.5",110,"fed"
"1555","2006","4.5",84,"fed"
"1556","2006","3.5",104,"fed"
"1557","2006","3.5",104,"fed"
"1558","2006","4.5",91,"fed"
"1560","2006","3.5",104,"fed"
"1561","2006","3.5",110,"fed"
"1563","2006","2.5",104,"fed"
"1564","2006","2.5",91,"fed"
"1565","2006","6.5",130,"fed"
"1566","2006","5.5",97,"fed"
"1567","2006","2.5",129,"fed"
"1568","2006","3.5",147,"fed"
"1569","2006","2.5",118,"fed"
"1570","2006","2.5",135,"fed"
"1571","2006","5.5",138,"fed"
"1572","2006","6.5",110,"fed"
"1573","2006","2.5",91,"fed"
"1574","2006","8.5",91,"fed"
"1576","2006","5.5",104,"fed"
"1577","2006","3.5",110,"fed"
"1578","2006","8.5",84,"fed"
"1579","2006","1.5",88,"fed"
"1580","2006","1.5",97,"fed"
"1581","2006","1.5",97,"fed"
"1582","2006","1.5",97,"fed"
"1583","2006","1.5",91,"fed"
"1584","2006","1.5",97,"fed"
"1585","2006","1.5",110,"fed"
"1586","2006","1.5",91,"fed"
"1587","2006","1.5",84,"fed"
"1588","2006","1.5",78,"fed"
"1589","2006","1.5",78,"fed"
"1590","2006","1.5",65,"fed"
"1591","2006","1.5",78,"fed"
"1592","2006","1.5",127,"fed"
"1593","2006","1.5",84,"fed"
"1594","2006","1.5",84,"fed"
"1595","2006","1.5",65,"fed"
"1596","2006","1.5",65,"fed"
"1597","2007","1.5",143,"fed"
"1598","2007","1.5",84,"fed"
"1599","2007","1.5",91,"fed"
"1600","2007","5.5",91,"fed"
"1601","2007","2.5",97,"fed"
"1602","2007","3.5",110,"fed"
"1603","2007","4.5",84,"fed"
"1604","2008","5.5",117,"fed"
"1605","2009","3.5",95,"fed"
