"","year","pasture","live_weight","age"
"1",2022,"East Yana",113,"5.5"
"2",2022,"East Yana",110,"5.5"
"3",2023,"East Toro",104,"5.5"
"4",2023,"East Toro",84,"2.5"
"5",2023,"West Toro-Fed",103,"5.5"
"6",2021,"East Yana",77,"1.5"
"7",2021,"East Yana",108,"6.5"
"8",2021,"East Yana",110,"3.5"
"9",2021,"Yana",105,"3.5"
"10",2021,"East Toro",127,"5.5"
"11",2021,"East Yana",86,"2.5"
"12",2021,"East Yana",44,"0.5"
"13",2021,"East Yana",127,"2.5"
"14",2021,"East Yana",130,"3.5"
"15",2021,"East Yana",78,"1.5"
"16",2021,"East Yana",51,"0.5"
"17",2021,"East Yana",91,"4.5"
"18",2021,"East Yana",91,"6.5"
"19",2021,"East Yana",39,"0.5"
"20",2021,"East Yana",84,"1.5"
"21",2021,"East Yana",93,"4.5"
"22",2021,"East Yana",114,"5.5"
"23",2021,"East Yana",48,"0.5"
"24",2021,"East Yana",48,"0.5"
"25",2021,"East Yana",95,"3.5"
"26",2021,"East Yana",101,"9.5"
"27",2021,"East Yana",113,"6.5"
"28",2021,"East Yana",56,"0.5"
"29",2021,"East Yana",103,"6.5"
"30",2021,"East Yana",45,"0.5"
"31",2021,"East Toro",100,"4.5"
"32",2021,"East Yana",47,"0.5"
"33",2021,"East Yana",87,"7.5"
"34",2021,"East Yana",83,"2.5"
"35",2021,"East Yana",101,"6.5"
"36",2021,"East Yana",51,"0.5"
"37",2021,"West Yana",90,"10.5"
"38",2021,"Yana",105,"3.5"
"39",2021,"East Yana",106,"4.5"
"40",2021,"East Toro",86,"2.5"
"41",2021,"East Toro",93,"3.5"
"42",2021,"East Toro",92,"5.5"
"43",2021,"East Toro",104,"5.5"
"44",2022,"Yana",106,"2.5"
"45",2022,"Yana",88,"3.5"
"46",2022,"Yana",99,"4.5"
"47",2022,"Yana",110,"4.5"
"48",2022,"Yana",113,"6.5"
"49",2022,"Yana",56,"1.5"
"50",2022,"Yana",97,"4.5"
"51",2022,"Yana",88,"3.5"
"52",2022,"Yana",95,"3.5"
"53",2022,"Yana",97,"2.5"
"54",2022,"Yana",116,"6.5"
"55",2022,"Yana",97,"3.5"
"56",2022,"Yana",119,"4.5"
"57",2022,"Yana",113,"5.5"
"58",2022,"Yana",125,"3.5"
"59",2022,"Yana",78,"1.5"
"60",2022,"Yana",101,"6.5"
"61",2022,"East Toro",108,"4.5"
"62",2022,"East Toro",73,"2.5"
"63",2022,"Yana",109,"6.5"
"66",2022,"East Toro",88,"3.5"
"67",2022,"East Toro",96,"3.5"
"68",2022,"East Toro",93,"5.5"
"69",2022,"East Toro",64,"0.5"
"70",2022,"Yana",84,"1.5"
"71",2022,"Yana",103,"5.5"
"72",2022,"Yana",114,"5.5"
"73",2022,"Yana",100,"4.5"
"74",2022,"West Toro-Fed",106,"6.5"
"75",2022,"West Toro-Fed",118,"7.5"
"76",2022,"West Toro-Fed",92,"4.5"
"77",2022,"West Toro-Fed",101,"4.5"
"78",2022,"West Toro-Fed",73,"5.5"
"79",2022,"West Toro-Fed",101,"6.5"
"80",2022,"West Toro-Fed",108,"7.5"
"81",2022,"West Toro-Fed",106,"6.5"
"82",2022,"West Toro-Fed",70,"5.5"
"83",2022,"West Toro-Fed",97,"7.5"
"84",2022,"East Toro",70,"0.5"
"85",2022,"East Toro",96,"7.5"
"86",2022,"SE Toro",105,"6.5"
"87",2022,"West Toro-Fed",106,"6.5"
"88",2022,"SE Toro",109,"6.5"
"89",2022,"West Toro-Fed",97,"4.5"
"90",2022,"West Toro-Fed",100,"5.5"
"91",2022,"SE Toro",112,"5.5"
"92",2022,"Yana",47,"0.5"
"93",2022,"East Toro",48,"0.5"
"94",2022,"East Toro",56,"1.5"
"95",2022,"East Toro",104,"5.5"
"96",2022,"East Toro",101,"6.5"
"97",2022,"East Toro",104,"6.5"
"98",2022,"East Toro",105,"4.5"
"99",2022,"East Toro",112,"3.5"
"100",2022,"West Toro-Fed",125,"5.5"
"101",2022,"East Yana",109,"6.5"
"102",2022,"East Yana",90,"1.5"
"103",2022,"East Yana",92,"4.5"
"104",2022,"East Yana",109,"5.5"
"105",2022,"East Yana",103,"4.5"
"106",2022,"East Yana",101,"8.5"
"107",2022,"West Yana",93,"8.5"
"108",2022,"West Yana",91,"4.5"
"109",2022,"West Yana",109,"7.5"
"110",2022,"West Yana",83,"1.5"
"111",2022,"West Yana",71,"1.5"
"112",2022,"West Yana",103,"4.5"
"113",2022,"West Yana",104,"8.5"
"114",2022,"West Yana",109,"3.5"
"115",2022,"West Yana",99,"9.5"
"116",2022,"East Yana",51,"0.5"
"117",2022,"East Yana",43,"0.5"
"118",2022,"East Yana",49,"0.5"
"119",2022,"East Yana",53,"0.5"
"120",2022,"East Yana",55,"0.5"
"121",2022,"East Yana",53,"0.5"
"122",2022,"West Yana",38,"0.5"
"123",2022,"East Yana",45,"0.5"
"124",2022,"West Yana",39,"0.5"
"125",2022,"West Yana",43,"0.5"
"126",2022,"SE Toro",105,"7.5"
"127",2022,"SE Toro",100,"6.5"
"128",2022,"SE Toro",105,"2.5"
"129",2022,"SE Toro",103,"5.5"
"130",2022,"SE Toro",93,"3.5"
"131",2022,"SE Toro",106,"6.5"
"132",2020,"East Toro",101,"3.5"
"133",2020,"East Toro",99,"4.5"
"134",2020,"Yana",104,"4.5"
"135",2020,"East Yana",48,"0.5"
"136",2020,"East Yana",54,"0.5"
"137",2020,"East Yana",36,"0.5"
"138",2020,"East Yana",52,"0.5"
"139",2020,"East Yana",54,"0.5"
"140",2020,"East Yana",40,"0.5"
"141",2020,"East Yana",50,"0.5"
"142",2020,"East Yana",59,"0.5"
"143",2020,"East Yana",59,"0.5"
"144",2020,"East Yana",49,"0.5"
"145",2020,"East Yana",62,"0.5"
"146",2020,"East Yana",95,"1.5"
"147",2020,"East Yana",52,"0.5"
"148",2020,"East Yana",46,"0.5"
"149",2020,"East Yana",48,"0.5"
"150",2020,"East Yana",49,"0.5"
"151",2020,"East Yana",48,"0.5"
"152",2020,"East Yana",58,"0.5"
"153",2020,"East Yana",54,"0.5"
"154",2020,"East Yana",81,"1.5"
"155",2020,"West Yana",40,"0.5"
"156",2020,"West Yana",36,"0.5"
"157",2020,"West Yana",49,"0.5"
"158",2020,"West Toro-Fed",116,"7.5"
"159",2020,"East Toro",87,"3.5"
"160",2020,"East Yana",114,"4.5"
"161",2020,"East Toro",138,"9.5"
"162",2020,"East Yana",104,"5.5"
"163",2020,"East Yana",106,"5.5"
"164",2020,"West Toro-Fed",62,"1.5"
"165",2020,"West Toro-Fed",119,"7.5"
"166",2021,"Yana",105,"7.5"
"167",2021,"Yana",90,"4.5"
"168",2021,"Yana",101,"3.5"
"169",2021,"East Toro",82,"3.5"
"170",2021,"East Toro",87,"3.5"
"171",2021,"East Toro",92,"6.5"
"172",2021,"East Toro",104,"5.5"
"173",2021,"East Toro",91,"3.5"
"174",2021,"East Toro",66,"3.5"
"175",2021,"SE Toro",108,"6.5"
"176",2021,"SE Toro",130,"4.5"
"177",2021,"SE Toro",93,"1.5"
"178",2021,"SE Toro",129,"6.5"
"179",2021,"SE Toro",93,"2.5"
"180",2021,"SE Toro",113,"10.5"
"181",2021,"SE Toro",97,"5.5"
"182",2021,"SE Toro",106,"2.5"
"183",2021,"SE Toro",116,"8.5"
"184",2021,"SE Toro",91,"2.5"
"185",2021,"Yana",126,"3.5"
"186",2021,"Yana",88,"2.5"
"187",2021,"Yana",80,"2.5"
"188",2021,"Yana",101,"4.5"
"189",2021,"Yana",93,"4.5"
"190",2021,"Yana",108,"5.5"
"191",2021,"Yana",86,"1.5"
"192",2021,"Yana",100,"6.5"
"193",2021,"SE Toro",101,"6.5"
"194",2021,"Yana",92,"4.5"
"195",2021,"Yana",116,"5.5"
"196",2021,"Yana",101,"4.5"
"197",2021,"Yana",74,"1.5"
"198",2021,"Yana",92,"6.5"
"199",2021,"Yana",97,"3.5"
"200",2021,"Yana",96,"8.5"
"201",2021,"Yana",69,"1.5"
"202",2021,"Yana",92,"5.5"
"203",2021,"Yana",109,"6.5"
"204",2021,"SE Toro",73,"1.5"
"205",2021,"SE Toro",92,"2.5"
"206",2021,"SE Toro",78,"1.5"
"207",2021,"Yana",58,"0.5"
"209",2021,"Yana",100,"4.5"
"210",2021,"Yana",108,"6.5"
"211",2021,"Yana",90,"3.5"
"212",2021,"West Toro-Fed",35,"0.5"
"213",2021,"SE Toro",101,"3.5"
"214",2021,"SE Toro",116,"10.5"
"215",2021,"SE Toro",95,"2.5"
"216",2021,"Yana",117,"5.5"
"217",2021,"Yana",80,"3.5"
"218",2021,"East Yana",113,"5.5"
"219",2021,"East Yana",92,"3.5"
"220",2021,"East Yana",100,"5.5"
"221",2021,"East Yana",45,"0.5"
"222",2021,"East Yana",48,"0.5"
"223",2021,"East Yana",108,"7.5"
"224",2021,"East Yana",106,"5.5"
"225",2021,"East Yana",108,"3.5"
"226",2021,"East Yana",56,"0.5"
"227",2021,"West Yana",39,"0.5"
"228",2021,"West Yana",113,"10.5"
"229",2021,"West Yana",110,"8.5"
"230",2021,"West Yana",103,"2.5"
"231",2021,"West Yana",110,"12.5"
"232",2021,"West Yana",105,"10.5"
"233",2021,"West Yana",73,"1.5"
"234",2021,"West Yana",38,"0.5"
"235",2021,"West Yana",44,"0.5"
"236",2021,"Yana",104,"2.5"
"237",2021,"Yana",101,"6.5"
"238",2021,"Yana",99,"2.5"
"239",2021,"West Yana",66,"1.5"
"240",2021,"West Yana",105,"3.5"
"241",2021,"West Yana",78,"1.5"
"242",2021,"West Yana",65,"1.5"
"243",2021,"West Yana",108,"6.5"
"244",2021,"West Yana",44,"0.5"
"245",2021,"West Yana",95,"10.5"
"246",2021,"West Yana",99,"4.5"
"247",2021,"West Yana",79,"1.5"
"248",2021,"West Yana",104,"10.5"
"249",2021,"West Yana",70,"1.5"
"250",2021,"West Yana",92,"3.5"
"251",2021,"West Yana",80,"2.5"
"252",2021,"West Yana",95,"2.5"
"253",2021,"West Yana",105,"6.5"
"254",2021,"West Yana",108,"10.5"
"255",2021,"West Yana",93,"8.5"
"256",2021,"West Yana",99,"9.5"
"257",2021,"West Yana",103,"3.5"
"258",2021,"West Yana",91,"3.5"
"259",2021,"West Yana",93,"2.5"
"260",2021,"West Yana",77,"1.5"
"261",2021,"East Yana",44,"0.5"
"262",2021,"East Yana",92,"4.5"
"263",2021,"East Yana",75,"2.5"
"264",2021,"East Yana",96,"7.5"
"265",2021,"East Yana",96,"6.5"
"266",2021,"East Yana",100,"3.5"
"267",2021,"West Toro-Fed",104,"4.5"
"268",2021,"West Yana",103,"3.5"
"269",2021,"West Yana",75,"7.5"
"270",2021,"West Yana",84,"11.5"
"271",2021,"West Yana",92,"12.5"
"272",2021,"Yana",118,"6.5"
"273",2021,"Yana",125,"8.5"
"274",2021,"Yana",97,"4.5"
"275",2021,"Yana",95,"4.5"
"276",2021,"Yana",88,"6.5"
"277",2021,"Yana",55,"0.5"
"278",2021,"Yana",77,"1.5"
"279",2021,"Yana",103,"5.5"
"280",2021,"Yana",84,"2.5"
"281",2021,"SE Toro",91,"3.5"
"282",2021,"SE Toro",127,"7.5"
"283",2021,"Yana",92,"4.5"
"284",2021,"Yana",105,"4.5"
"285",2021,"Yana",84,"3.5"
"286",2021,"Yana",100,"3.5"
"287",2021,"Yana",86,"4.5"
"288",2021,"Yana",104,"5.5"
"289",2021,"Yana",110,"7.5"
"290",2021,"Yana",91,"5.5"
"291",2021,"Yana",80,"4.5"
"292",2021,"Yana",67,"1.5"
"293",2021,"Yana",92,"4.5"
"294",2021,"Yana",101,"4.5"
"295",2021,"Yana",93,"5.5"
"296",2021,"Yana",97,"5.5"
"297",2021,"Yana",100,"5.5"
"298",2021,"Yana",99,"5.5"
"299",2021,"Yana",108,"6.5"
"300",2021,"Yana",97,"5.5"
"301",2021,"Yana",109,"5.5"
"302",2021,"West Toro-Fed",104,"4.5"
"303",2021,"Yana",97,"5.5"
"304",2021,"Yana",97,"5.5"
"305",2021,"Yana",42,"0.5"
"306",2021,"East Toro",43,"0.5"
"307",2021,"Yana",103,"6.5"
"308",2021,"West Toro-Fed",91,"4.5"
"309",2021,"West Toro-Fed",106,"5.5"
"310",2021,"West Toro-Fed",52,"0.5"
"311",2021,"West Toro-Fed",93,"5.5"
"312",2021,"West Toro-Fed",92,"4.5"
"313",2021,"West Toro-Fed",84,"3.5"
"314",2021,"East Toro",93,"6.5"
"315",2021,"West Yana",93,"6.5"
"316",2019,"Yana",113,"4.5"
"317",2019,"SE Toro",144,"7.5"
"318",2019,"Yana",99,"4.5"
"319",2019,"Yana",96,"3.5"
"320",2019,"Yana",97,"5.5"
"321",2019,"Yana",108,"5.5"
"322",2019,"Yana",104,"5.5"
"323",2019,"Yana",100,"5.5"
"324",2019,"Yana",83,"2.5"
"325",2019,"Yana",73,"1.5"
"326",2019,"Yana",103,"4.5"
"327",2019,"Yana",116,"4.5"
"328",2019,"Yana",93,"7.5"
"329",2019,"Yana",77,"1.5"
"330",2019,"Yana",84,"1.5"
"331",2019,"Yana",103,"4.5"
"332",2019,"Yana",82,"1.5"
"333",2019,"Yana",118,"5.5"
"334",2019,"Yana",91,"6.5"
"335",2019,"Yana",88,"6.5"
"336",2019,"Yana",112,"4.5"
"337",2019,"Yana",92,"7.5"
"338",2019,"Yana",104,"4.5"
"339",2020,"East Yana",52,"0.5"
"340",2020,"East Yana",51,"0.5"
"341",2020,"East Yana",45,"0.5"
"342",2020,"East Toro",48,"0.5"
"343",2020,"East Yana",47,"0.5"
"344",2020,"East Yana",39,"0.5"
"345",2020,"East Yana",53,"0.5"
"346",2020,"East Yana",52,"0.5"
"347",2020,"East Yana",55,"0.5"
"348",2020,"East Yana",49,"0.5"
"349",2020,"East Yana",52,"0.5"
"350",2020,"East Yana",52,"0.5"
"351",2020,"East Yana",45,"0.5"
"352",2020,"East Yana",58,"0.5"
"353",2020,"Yana",113,"4.5"
"354",2020,"Yana",95,"5.5"
"355",2020,"Yana",103,"3.5"
"356",2020,"Yana",90,"4.5"
"357",2020,"Yana",131,"6.5"
"358",2020,"West Toro-Fed",51,"0.5"
"359",2020,"West Toro-Fed",55,"0.5"
"360",2020,"Yana",96,"2.5"
"361",2020,"Yana",122,"4.5"
"362",2020,"East Toro",43,"0.5"
"363",2020,"Yana",61,"1.5"
"364",2020,"Yana",100,"7.5"
"367",2020,"Yana",88,"3.5"
"368",2020,"SE Toro",86,"2.5"
"369",2020,"SE Toro",87,"2.5"
"370",2020,"East Yana",48,"0.5"
"371",2020,"East Yana",51,"0.5"
"372",2020,"East Yana",47,"0.5"
"373",2020,"SE Toro",47,"0.5"
"374",2020,"West Yana",49,"0.5"
"375",2020,"East Yana",51,"0.5"
"376",2020,"SE Toro",31,"0.5"
"377",2020,"West Toro-Fed",34,"0.5"
"378",2020,"Yana",45,"0.5"
"379",2020,"Yana",44,"0.5"
"380",2020,"Yana",52,"0.5"
"381",2020,"Yana",53,"0.5"
"382",2020,"Yana",43,"0.5"
"383",2020,"Yana",57,"0.5"
"384",2020,"Yana",42,"0.5"
"385",2020,"Yana",42,"0.5"
"386",2020,"Yana",48,"0.5"
"387",2020,"Yana",62,"0.5"
"388",2020,"Yana",105,"4.5"
"389",2020,"Yana",105,"4.5"
"390",2020,"Yana",47,"0.5"
"391",2020,"Yana",42,"0.5"
"392",2020,"SE Toro",64,"1.5"
"393",2020,"East Toro",117,"6.5"
"394",2020,"East Toro",99,"4.5"
"395",2020,"Yana",104,"5.5"
"396",2020,"SE Toro",80,"3.5"
"397",2020,"SE Toro",91,"7.5"
"398",2018,"SE Toro",114,"5.5"
"399",2018,"West Toro-Fed",106,"5.5"
"400",2018,"West Toro-Fed",113,"5.5"
"401",2018,"West Toro-Fed",118,"7.5"
"402",2018,"West Toro-Fed",125,"4.5"
"403",2018,"West Toro-Fed",108,"7.5"
"404",2018,"SE Toro",112,"5.5"
"405",2018,"SE Toro",58,"0.5"
"406",2018,"SE Toro",116,"3.5"
"407",2019,"Yana",127,"4.5"
"408",2019,"Yana",112,"3.5"
"409",2019,"Yana",117,"5.5"
"410",2019,"Yana",60,"0.5"
"411",2019,"Yana",105,"3.5"
"412",2019,"Yana",109,"4.5"
"413",2019,"Yana",105,"6.5"
"414",2019,"Yana",101,"3.5"
"415",2019,"Yana",119,"7.5"
"416",2019,"Yana",90,"2.5"
"417",2019,"Yana",66,"0.5"
"418",2019,"West Toro-Fed",103,"2.5"
"419",2019,"Yana",52,"0.5"
"420",2019,"East Yana",114,"4.5"
"421",2019,"West Toro-Fed",118,"6.5"
"422",2019,"West Toro-Fed",110,"3.5"
"423",2019,"Yana",125,"5.5"
"424",2019,"West Toro-Fed",112,"4.5"
"425",2019,"Yana",105,"5.5"
"426",2019,"Yana",49,"0.5"
"427",2019,"Yana",60,"0.5"
"428",2019,"Yana",60,"0.5"
"429",2019,"Yana",69,"0.5"
"430",2019,"SE Toro",123,"6.5"
"431",2019,"Yana",62,"0.5"
"432",2019,"Yana",109,"5.5"
"433",2019,"Yana",112,"5.5"
"434",2019,"Yana",113,"3.5"
"435",2019,"Yana",60,"0.5"
"436",2019,"Yana",95,"1.5"
"437",2019,"Yana",105,"5.5"
"438",2019,"Yana",58,"0.5"
"439",2019,"Yana",58,"0.5"
"440",2019,"Yana",110,"6.5"
"441",2019,"SE Toro",118,"5.5"
"442",2019,"Yana",106,"3.5"
"443",2019,"SE Toro",69,"0.5"
"444",2019,"SE Toro",57,"0.5"
"445",2019,"SE Toro",108,"6.5"
"447",2019,"Yana",86,"1.5"
"448",2019,"SE Toro",108,"4.5"
"449",2019,"SE Toro",121,"5.5"
"450",2017,"SE Toro",112,"10.5"
"451",2017,"West Yana",104,"6.5"
"452",2017,"West Yana",117,"10.5"
"453",2017,"SE Toro",115,"10.5"
"454",2017,"West Yana",95,"10.5"
"455",2017,"West Yana",121,"10.5"
"456",2017,"SE Toro",117,"10.5"
"457",2017,"SE Toro",108,"10.5"
"458",2017,"SE Toro",110,"10.5"
"459",2017,"SE Toro",113,"10.5"
"460",2017,"West Yana",106,"10.5"
"461",2017,"West Yana",122,"10.5"
"462",2017,"West Yana",48,"0.5"
"463",2017,"West Yana",42,"0.5"
"464",2017,"West Yana",51,"0.5"
"465",2017,"West Yana",56,"0.5"
"466",2017,"West Yana",50,"0.5"
"467",2017,"West Toro-Fed",108,"4.5"
"468",2017,"East Toro",118,"5.5"
"469",2017,"East Yana",64,"0.5"
"470",2017,"East Yana",55,"0.5"
"471",2017,"East Yana",55,"0.5"
"472",2017,"East Yana",60,"0.5"
"473",2017,"East Yana",60,"0.5"
"474",2017,"East Yana",57,"0.5"
"475",2017,"East Yana",57,"0.5"
"476",2017,"East Yana",61,"0.5"
"477",2017,"East Yana",58,"0.5"
"478",2017,"East Yana",57,"0.5"
"479",2017,"West Yana",46,"0.5"
"480",2017,"East Yana",62,"0.5"
"481",2017,"East Yana",55,"0.5"
"482",2017,"East Yana",62,"0.5"
"483",2017,"West Yana",43,"0.5"
"484",2017,"East Yana",60,"0.5"
"485",2017,"East Yana",44,"0.5"
"486",2017,"East Yana",56,"0.5"
"487",2017,"West Yana",56,"0.5"
"488",2018,"Yana",56,"0.5"
"489",2018,"Yana",51,"0.5"
"490",2018,"SE Toro",42,"0.5"
"491",2018,"SE Toro",48,"0.5"
"492",2018,"SE Toro",47,"0.5"
"493",2018,"SE Toro",38,"0.5"
"494",2018,"Yana",48,"0.5"
"495",2018,"Yana",58,"0.5"
"496",2018,"West Toro-Fed",60,"0.5"
"497",2017,"West Yana",65,"0.5"
"498",2017,"East Toro",53,"0.5"
"499",2017,"East Toro",49,"0.5"
"500",2017,"West Toro-Fed",34,"0.5"
"501",2017,"East Toro",48,"0.5"
"502",2017,"East Toro",70,"0.5"
"503",2017,"West Yana",47,"0.5"
"504",2017,"East Toro",77,"1.5"
"505",2017,"East Toro",77,"1.5"
"506",2017,"East Toro",47,"0.5"
"507",2017,"East Toro",44,"0.5"
"508",2017,"East Toro",56,"0.5"
"509",2017,"East Toro",48,"0.5"
"510",2017,"West Toro-Fed",48,"0.5"
"511",2017,"SE Toro",42,"0.5"
"512",2017,"SE Toro",55,"0.5"
"513",2017,"SE Toro",51,"0.5"
"514",2017,"SE Toro",49,"0.5"
"515",2017,"SE Toro",51,"0.5"
"516",2017,"SE Toro",45,"0.5"
"517",2017,"SE Toro",53,"0.5"
"518",2017,"SE Toro",51,"0.5"
"519",2017,"SE Toro",53,"0.5"
"520",2017,"SE Toro",47,"0.5"
"521",2017,"SE Toro",49,"0.5"
"522",2017,"SE Toro",56,"0.5"
"523",2017,"SE Toro",39,"0.5"
"524",2017,"West Toro-Fed",43,"0.5"
"525",2017,"SE Toro",48,"0.5"
"526",2017,"SE Toro",48,"0.5"
"527",2017,"SE Toro",34,"0.5"
"528",2017,"SE Toro",101,"3.5"
"529",2017,"SE Toro",51,"0.5"
"530",2017,"SE Toro",60,"0.5"
"531",2017,"SE Toro",52,"0.5"
"532",2017,"SE Toro",52,"0.5"
"533",2017,"SE Toro",43,"0.5"
"534",2017,"SE Toro",49,"0.5"
"535",2017,"SE Toro",51,"0.5"
"536",2017,"SE Toro",57,"0.5"
"537",2017,"SE Toro",42,"0.5"
"538",2017,"SE Toro",40,"0.5"
"539",2017,"SE Toro",53,"0.5"
"540",2017,"SE Toro",52,"0.5"
"541",2017,"SE Toro",49,"0.5"
"542",2017,"SE Toro",52,"0.5"
"543",2017,"SE Toro",44,"0.5"
"544",2017,"West Toro-Fed",45,"0.5"
"545",2017,"East Toro",58,"0.5"
"546",2017,"East Toro",38,"0.5"
"547",2017,"West Toro-Fed",44,"0.5"
"548",2017,"East Toro",48,"0.5"
"549",2017,"West Toro-Fed",43,"0.5"
"550",2017,"West Toro-Fed",35,"0.5"
"551",2017,"East Toro",106,"3.5"
"552",2017,"West Toro-Fed",44,"0.5"
"553",2017,"East Toro",39,"0.5"
"554",2017,"East Toro",49,"0.5"
"555",2017,"East Toro",35,"0.5"
"556",2017,"West Toro-Fed",36,"0.5"
"557",2017,"West Yana",59,"0.5"
"558",2017,"West Yana",56,"0.5"
"559",2017,"West Yana",94,"4.5"
"560",2017,"West Yana",50,"0.5"
"561",2017,"West Yana",66,"0.5"
"562",2017,"East Yana",51,"0.5"
"563",2017,"East Yana",56,"0.5"
"564",2017,"East Toro",52,"0.5"
"565",2017,"East Toro",49,"0.5"
"566",2017,"East Toro",53,"0.5"
"567",2017,"West Yana",103,"3.5"
"568",2017,"West Yana",59,"0.5"
"569",2017,"West Yana",55,"0.5"
"570",2017,"West Yana",103,"4.5"
"571",2017,"West Yana",103,"4.5"
"572",2017,"West Yana",46,"0.5"
"573",2017,"West Yana",56,"0.5"
"574",2017,"West Yana",117,"3.5"
"575",2017,"East Yana",57,"0.5"
"576",2017,"East Yana",51,"0.5"
"577",2017,"East Yana",101,"4.5"
"579",2017,"East Toro",44,"0.5"
"580",2016,"Yana",103,"3.5"
"581",2016,"Yana",103,"3.5"
"582",2016,"Yana",99,"3.5"
"583",2016,"Yana",90,"3.5"
"584",2016,"Yana",110,"4.5"
"585",2016,"Yana",117,"2.5"
"586",2016,"West Toro-Fed",57,"1.5"
"587",2016,"Yana",109,"6.5"
"588",2016,"West Yana",45,"0.5"
"589",2016,"Yana",114,"4.5"
"590",2016,"Yana",103,"3.5"
"591",2016,"Yana",88,"6.5"
"592",2016,"Yana",56,"0.5"
"593",2016,"West Toro-Fed",103,"4.5"
"594",2016,"West Toro-Fed",108,"6.5"
"595",2016,"West Toro-Fed",99,"5.5"
"596",2016,"West Toro-Fed",101,"4.5"
"597",2016,"West Toro-Fed",66,"1.5"
"598",2016,"West Toro-Fed",100,"3.5"
"599",2016,"West Toro-Fed",109,"4.5"
"600",2016,"Yana",121,"6.5"
"601",2016,"West Toro-Fed",78,"6.5"
"602",2016,"West Toro-Fed",88,"4.5"
"603",2016,"West Toro-Fed",58,"0.5"
"604",2016,"West Toro-Fed",121,"6.5"
"605",2016,"East Yana",68,"0.5"
"606",2016,"East Yana",58,"0.5"
"607",2016,"West Yana",44,"0.5"
"608",2016,"West Yana",52,"0.5"
"609",2016,"West Yana",37,"0.5"
"610",2016,"West Yana",47,"0.5"
"611",2016,"West Yana",108,"8.5"
"612",2016,"West Yana",122,"8.5"
"613",2016,"West Toro-Fed",106,"5.5"
"614",2016,"West Toro-Fed",116,"8.5"
"615",2016,"West Toro-Fed",103,"8.5"
"616",2016,"West Toro-Fed",112,"5.5"
"617",2016,"West Toro-Fed",112,"4.5"
"618",2016,"West Toro-Fed",101,"4.5"
"619",2016,"West Toro-Fed",86,"2.5"
"620",2016,"West Toro-Fed",108,"5.5"
"621",2016,"West Toro-Fed",84,"3.5"
"622",2016,"West Toro-Fed",86,"3.5"
"623",2016,"West Toro-Fed",106,"3.5"
"624",2016,"West Toro-Fed",108,"6.5"
"625",2016,"East Yana",52,"0.5"
"626",2016,"East Yana",62,"0.5"
"627",2016,"East Yana",55,"0.5"
"628",2016,"West Yana",53,"0.5"
"629",2016,"West Yana",45,"0.5"
"630",2016,"West Yana",54,"0.5"
"631",2016,"West Yana",53,"0.5"
"632",2016,"West Yana",122,"8.5"
"633",2016,"West Yana",106,"8.5"
"634",2016,"West Toro-Fed",110,"5.5"
"635",2016,"West Toro-Fed",79,"2.5"
"636",2016,"West Toro-Fed",99,"6.5"
"638",2016,"West Toro-Fed",104,"6.5"
"639",2016,"West Toro-Fed",112,"6.5"
"640",2016,"West Toro-Fed",96,"7.5"
"641",2016,"West Toro-Fed",99,"4.5"
"642",2016,"West Toro-Fed",84,"3.5"
"643",2016,"East Yana",74,"1.5"
"644",2016,"East Yana",48,"0.5"
"645",2016,"East Yana",45,"0.5"
"646",2016,"East Yana",57,"0.5"
"647",2016,"East Yana",54,"0.5"
"648",2016,"East Yana",92,"3.5"
"649",2016,"East Yana",61,"0.5"
"650",2016,"West Yana",41,"0.5"
"651",2016,"West Yana",52,"0.5"
"652",2016,"West Yana",52,"0.5"
"653",2016,"West Yana",49,"0.5"
"654",2016,"West Yana",39,"0.5"
"655",2016,"West Yana",50,"0.5"
"656",2016,"West Toro-Fed",73,"1.5"
"657",2016,"West Toro-Fed",91,"3.5"
"658",2016,"West Toro-Fed",82,"3.5"
"659",2016,"West Toro-Fed",101,"3.5"
"660",2016,"West Toro-Fed",105,"4.5"
"661",2016,"West Toro-Fed",116,"4.5"
"662",2016,"West Toro-Fed",100,"3.5"
"663",2016,"West Toro-Fed",114,"6.5"
"664",2016,"West Toro-Fed",58,"1.5"
"665",2016,"West Toro-Fed",105,"5.5"
"666",2016,"West Toro-Fed",101,"6.5"
"667",2016,"West Toro-Fed",80,"2.5"
"668",2016,"West Toro-Fed",104,"6.5"
"669",2016,"West Toro-Fed",36,"0.5"
"670",2016,"West Toro-Fed",71,"2.5"
"671",2016,"West Toro-Fed",92,"4.5"
"672",2016,"West Toro-Fed",91,"8.5"
"673",2016,"West Toro-Fed",93,"7.5"
"674",2016,"West Toro-Fed",70,"1.5"
"675",2016,"West Toro-Fed",84,"3.5"
"676",2016,"West Toro-Fed",96,"2.5"
"677",2016,"West Toro-Fed",92,"3.5"
"678",2016,"West Toro-Fed",104,"8.5"
"679",2016,"West Toro-Fed",55,"0.5"
"680",2016,"East Yana",97,"3.5"
"681",2016,"West Toro-Fed",110,"4.5"
"682",2016,"Yana",116,"4.5"
"683",2016,"East Toro",49,"0.5"
"684",2016,"SE Toro",40,"0.5"
"685",2016,"SE Toro",93,"2.5"
"686",2016,"SE Toro",55,"0.5"
"687",2016,"SE Toro",57,"0.5"
"688",2016,"SE Toro",43,"0.5"
"689",2014,"East Yana",41,"0.5"
"690",2014,"East Yana",43,"0.5"
"691",2014,"East Yana",53,"0.5"
"692",2014,"East Yana",39,"0.5"
"693",2014,"East Yana",52,"0.5"
"694",2014,"East Yana",38,"0.5"
"695",2014,"East Yana",47,"0.5"
"696",2014,"East Yana",37,"0.5"
"697",2014,"East Yana",42,"0.5"
"698",2014,"East Yana",54,"0.5"
"699",2014,"East Yana",41,"0.5"
"700",2014,"East Yana",50,"0.5"
"701",2014,"East Yana",46,"0.5"
"702",2014,"West Yana",47,"0.5"
"703",2014,"West Yana",49,"0.5"
"704",2014,"West Yana",44,"0.5"
"705",2014,"West Yana",48,"0.5"
"706",2014,"West Yana",47,"0.5"
"707",2014,"West Yana",46,"0.5"
"708",2014,"West Yana",49,"0.5"
"709",2014,"West Yana",47,"0.5"
"710",2014,"West Yana",46,"0.5"
"711",2014,"West Yana",50,"0.5"
"712",2014,"West Yana",82,"1.5"
"713",2014,"West Yana",119,"5.5"
"714",2014,"West Yana",86,"1.5"
"715",2014,"West Yana",84,"1.5"
"716",2014,"West Yana",89,"1.5"
"717",2014,"West Yana",108,"3.5"
"718",2014,"West Yana",110,"1.5"
"719",2014,"West Yana",95,"3.5"
"720",2014,"West Yana",113,"2.5"
"721",2014,"West Yana",120,"5.5"
"722",2014,"West Yana",92,"5.5"
"723",2014,"West Yana",95,"1.5"
"724",2014,"West Yana",110,"5.5"
"725",2014,"West Yana",89,"1.5"
"726",2014,"West Yana",92,"1.5"
"727",2014,"West Yana",123,"4.5"
"728",2014,"West Yana",99,"6.5"
"729",2014,"West Yana",105,"1.5"
"730",2014,"West Yana",103,"3.5"
"731",2014,"West Yana",110,"2.5"
"732",2014,"West Yana",96,"1.5"
"733",2014,"West Yana",114,"4.5"
"734",2014,"West Yana",115,"2.5"
"735",2014,"West Yana",98,"3.5"
"736",2014,"West Yana",108,"1.5"
"737",2014,"West Yana",118,"2.5"
"738",2014,"West Yana",114,"1.5"
"739",2014,"West Yana",88,"1.5"
"740",2014,"West Toro",96,"2.5"
"741",2014,"West Toro",112,"5.5"
"742",2014,"West Toro",92,"5.5"
"743",2014,"West Toro",98,"1.5"
"744",2014,"West Toro",101,"1.5"
"745",2014,"West Toro",93,"1.5"
"746",2014,"West Toro",106,"8.5"
"747",2014,"West Toro",101,"1.5"
"748",2014,"West Toro",121,"3.5"
"749",2014,"West Toro",125,"4.5"
"750",2014,"West Toro",96,"1.5"
"751",2014,"West Toro",114,"4.5"
"752",2014,"West Toro",117,"2.5"
"753",2014,"West Toro",139,"4.5"
"754",2014,"West Toro",136,"8.5"
"755",2014,"West Yana",115,"5.5"
"756",2014,"West Yana",92,"1.5"
"757",2014,"West Yana",105,"3.5"
"758",2014,"West Yana",103,"1.5"
"759",2014,"West Yana",101,"1.5"
"760",2014,"West Yana",98,"1.5"
"761",2014,"West Yana",121,"2.5"
"762",2014,"West Yana",101,"1.5"
"763",2014,"West Yana",96,"2.5"
"764",2014,"West Yana",105,"1.5"
"765",2014,"West Yana",93,"2.5"
"766",2014,"West Yana",103,"1.5"
"767",2014,"West Yana",114,"2.5"
"768",2014,"West Yana",109,"2.5"
"769",2014,"West Yana",135,"5.5"
"770",2014,"West Yana",87,"1.5"
"771",2014,"West Yana",97,"2.5"
"772",2014,"Yana",65,"0.5"
"773",2014,"Yana",63,"0.5"
"774",2014,"Yana",48,"0.5"
"775",2014,"Yana",69,"0.5"
"776",2014,"Yana",93,"1.5"
"777",2014,"Yana",51,"0.5"
"778",2014,"Yana",36,"0.5"
"779",2014,"Yana",60,"0.5"
"780",2014,"Yana",59,"0.5"
"781",2014,"Yana",49,"0.5"
"782",2014,"Yana",95,"1.5"
"783",2014,"Yana",63,"0.5"
"784",2014,"Yana",49,"0.5"
"785",2014,"Yana",64,"0.5"
"786",2014,"Yana",99,"0.5"
"787",2014,"Yana",65,"0.5"
"788",2014,"Yana",62,"0.5"
"789",2014,"Yana",57,"0.5"
"790",2014,"Yana",52,"0.5"
"791",2014,"Yana",53,"0.5"
"792",2014,"Yana",43,"0.5"
"793",2014,"Yana",39,"0.5"
"794",2014,"Yana",38,"0.5"
"795",2014,"Yana",60,"0.5"
"796",2014,"Yana",67,"0.5"
"797",2014,"Yana",79,"1.5"
"798",2014,"Yana",53,"0.5"
"799",2014,"Yana",63,"0.5"
"800",2014,"Yana",84,"1.5"
"801",2014,"Yana",61,"0.5"
"802",2014,"Yana",65,"0.5"
"803",2014,"Yana",54,"0.5"
"804",2014,"Yana",66,"0.5"
"805",2014,"Yana",43,"0.5"
"806",2014,"Yana",56,"0.5"
"807",2014,"Yana",58,"0.5"
"808",2014,"Yana",53,"0.5"
"809",2014,"Yana",57,"0.5"
"810",2014,"Yana",62,"0.5"
"811",2014,"SE Toro",105,"4.5"
"812",2014,"SE Toro",122,"5.5"
"813",2015,"Yana",117,"4.5"
"814",2015,"Yana",121,"6.5"
"815",2015,"Yana",116,"3.5"
"816",2015,"Yana",127,"5.5"
"817",2015,"Yana",96,"4.5"
"818",2015,"Yana",121,"2.5"
"819",2015,"Yana",92,"2.5"
"820",2015,"Yana",110,"5.5"
"821",2015,"Yana",105,"4.5"
"822",2015,"Yana",128,"6.5"
"823",2015,"Yana",122,"4.5"
"824",2015,"Yana",89,"2.5"
"825",2015,"Yana",107,"5.5"
"826",2015,"Yana",95,"4.5"
"827",2015,"Yana",109,"5.5"
"828",2015,"Yana",93,"7.5"
"829",2015,"Yana",52,"0.5"
"830",2015,"Yana",61,"0.5"
"831",2015,"Yana",66,"0.5"
"832",2015,"Yana",82,"0.5"
"833",2015,"Yana",59,"0.5"
"834",2015,"Yana",52,"0.5"
"835",2015,"Yana",64,"0.5"
"836",2015,"Yana",56,"0.5"
"837",2015,"Yana",66,"0.5"
"838",2015,"Yana",54,"0.5"
"839",2015,"Yana",55,"0.5"
"840",2015,"Yana",53,"0.5"
"841",2015,"Yana",54,"0.5"
"842",2015,"Yana",88,"1.5"
"843",2015,"Yana",66,"0.5"
"844",2015,"East Yana",66,"0.5"
"845",2015,"East Yana",55,"0.5"
"846",2015,"East Yana",58,"0.5"
"847",2015,"East Yana",91,"1.5"
"848",2015,"East Yana",52,"0.5"
"849",2015,"East Yana",59,"0.5"
"850",2015,"East Yana",46,"0.5"
"851",2015,"East Yana",64,"0.5"
"852",2015,"East Yana",59,"0.5"
"853",2015,"East Yana",101,"1.5"
"854",2015,"East Yana",56,"0.5"
"855",2015,"East Yana",61,"0.5"
"856",2015,"East Yana",63,"0.5"
"857",2015,"East Yana",51,"0.5"
"858",2015,"East Yana",52,"0.5"
"859",2015,"East Yana",64,"0.5"
"860",2015,"East Yana",58,"0.5"
"861",2015,"East Yana",93,"1.5"
"862",2015,"East Yana",60,"0.5"
"863",2015,"East Yana",53,"0.5"
"864",2015,"East Yana",60,"0.5"
"865",2015,"East Yana",59,"0.5"
"866",2015,"East Yana",63,"0.5"
"867",2015,"East Yana",63,"0.5"
"868",2015,"East Yana",70,"0.5"
"869",2015,"Yana",123,"5.5"
"870",2015,"Yana",133,"7.5"
"871",2015,"Yana",103,"4.5"
"872",2015,"Yana",103,"4.5"
"873",2015,"Yana",123,"4.5"
"874",2015,"Yana",112,"4.5"
"875",2015,"Yana",96,"2.5"
"876",2015,"Yana",107,"2.5"
"877",2015,"Yana",102,"5.5"
"878",2015,"Yana",117,"2.5"
"879",2015,"Yana",104,"7.5"
"880",2015,"Yana",121,"6.5"
"881",2015,"Yana",119,"2.5"
"882",2015,"Yana",144,"4.5"
"883",2015,"Yana",133,"6.5"
"884",2015,"Yana",122,"7.5"
"885",2015,"Yana",107,"3.5"
"886",2015,"Yana",97,"2.5"
"887",2015,"Yana",127,"5.5"
"888",2015,"Yana",124,"5.5"
"889",2015,"Yana",92,"1.5"
"890",2015,"Yana",122,"4.5"
"891",2015,"Yana",115,"8.5"
"892",2015,"Yana",116,"5.5"
"893",2015,"Yana",110,"6.5"
"894",2015,"Yana",38,"0.5"
"895",2015,"Yana",66,"0.5"
"896",2015,"Yana",61,"0.5"
"897",2015,"Yana",61,"0.5"
"898",2015,"Yana",60,"0.5"
"899",2015,"Yana",60,"0.5"
"900",2015,"Yana",61,"0.5"
"901",2015,"Yana",73,"0.5"
"902",2015,"Yana",100,"1.5"
"903",2015,"Yana",64,"0.5"
"904",2015,"East Toro",58,"0.5"
"905",2015,"East Toro",54,"0.5"
"906",2015,"East Toro",53,"0.5"
"907",2015,"East Toro",49,"0.5"
"908",2015,"East Toro",57,"0.5"
"909",2015,"East Toro",59,"0.5"
"910",2015,"East Toro",54,"0.5"
"911",2015,"East Toro",58,"0.5"
"912",2015,"East Toro",55,"0.5"
"913",2015,"East Toro",43,"0.5"
"914",2015,"East Toro",52,"0.5"
"915",2015,"East Toro",58,"0.5"
"916",2015,"East Toro",45,"0.5"
"917",2015,"Yana",115,"5.5"
"918",2015,"Yana",101,"1.5"
"919",2015,"Yana",115,"5.5"
"920",2015,"Yana",123,"6.5"
"921",2015,"Yana",103,"4.5"
"922",2015,"Yana",130,"6.5"
"923",2015,"Yana",103,"6.5"
"924",2015,"Yana",100,"6.5"
"925",2015,"Yana",110,"3.5"
"926",2015,"Yana",101,"2.5"
"927",2015,"Yana",131,"7.5"
"928",2015,"Yana",122,"3.5"
"929",2015,"Yana",111,"4.5"
"930",2015,"Yana",92,"1.5"
"931",2015,"Yana",102,"2.5"
"932",2015,"Yana",122,"6.5"
"933",2015,"Yana",110,"1.5"
"934",2015,"Yana",115,"3.5"
"935",2015,"Yana",105,"4.5"
"936",2015,"Yana",117,"5.5"
"937",2015,"Yana",112,"2.5"
"938",2015,"Yana",106,"3.5"
"939",2015,"Yana",95,"1.5"
"940",2015,"Yana",130,"2.5"
"941",2015,"Yana",123,"8.5"
"942",2015,"Yana",42,"0.5"
"943",2015,"Yana",45,"0.5"
"944",2015,"Yana",89,"1.5"
"945",2015,"Yana",59,"0.5"
"946",2015,"Yana",54,"0.5"
"947",2015,"Yana",84,"1.5"
"948",2015,"Yana",60,"0.5"
"949",2015,"Yana",65,"0.5"
"950",2015,"East Toro",60,"0.5"
"951",2015,"East Toro",54,"0.5"
"952",2015,"East Toro",56,"0.5"
"953",2015,"East Toro",51,"0.5"
"954",2015,"East Toro",52,"0.5"
"955",2015,"East Toro",48,"0.5"
"956",2015,"East Toro",47,"0.5"
"957",2015,"East Toro",47,"0.5"
"958",2015,"East Toro",48,"0.5"
"959",2015,"East Toro",54,"0.5"
"960",2015,"East Toro",58,"0.5"
"961",2015,"East Toro",41,"0.5"
"962",2015,"East Toro",49,"0.5"
"963",2015,"East Toro",42,"0.5"
"964",2015,"East Toro",51,"0.5"
"965",2015,"East Toro",52,"0.5"
"966",2015,"East Toro",56,"0.5"
"967",2015,"East Toro",54,"0.5"
"968",2015,"West Toro",50,"0.5"
"969",2015,"West Toro",49,"0.5"
"970",2015,"West Toro",50,"0.5"
"971",2015,"West Toro",58,"0.5"
"972",2015,"West Toro",37,"0.5"
"973",2015,"West Toro",50,"0.5"
"974",2015,"West Toro",57,"0.5"
"975",2015,"West Toro",57,"0.5"
"976",2015,"West Toro",57,"0.5"
"977",2015,"West Toro",45,"0.5"
"978",2015,"West Toro",54,"0.5"
"979",2015,"West Toro",54,"0.5"
"980",2015,"West Toro",81,"1.5"
"981",2015,"West Toro",62,"0.5"
"982",2015,"West Toro",63,"0.5"
"983",2015,"West Toro",77,"1.5"
"984",2015,"West Toro",62,"0.5"
"985",2015,"West Toro",94,"1.5"
"986",2015,"West Toro",54,"0.5"
"987",2015,"West Toro",58,"0.5"
"988",2015,"West Toro",56,"0.5"
"989",2015,"Yana",60,"0.5"
"990",2015,"East Toro",61,"0.5"
"991",2015,"East Toro",57,"0.5"
"992",2015,"East Yana",114,"4.5"
"993",2015,"East Yana",87,"3.5"
"994",2015,"East Yana",104,"5.5"
"995",2015,"East Yana",110,"2.5"
"996",2015,"East Yana",93,"2.5"
"997",2015,"East Yana",110,"4.5"
"998",2015,"East Toro",95,"6.5"
"999",2015,"Yana",115,"5.5"
"1000",2015,"Yana",106,"3.5"
"1001",2015,"Yana",134,"4.5"
"1002",2015,"Yana",123,"4.5"
"1003",2015,"Yana",114,"2.5"
"1004",2015,"Yana",124,"2.5"
"1005",2015,"Yana",135,"7.5"
"1006",2015,"Yana",142,"6.5"
"1007",2015,"Yana",104,"2.5"
"1008",2015,"Yana",146,"8.5"
"1009",2015,"Yana",116,"4.5"
"1010",2015,"Yana",134,"2.5"
"1011",2015,"Yana",133,"6.5"
"1012",2015,"Yana",98,"1.5"
"1013",2015,"Yana",124,"3.5"
"1014",2015,"Yana",117,"8.5"
"1015",2015,"Yana",99,"1.5"
"1016",2015,"Yana",111,"2.5"
"1017",2015,"Yana",133,"7.5"
"1018",2015,"Yana",95,"1.5"
"1019",2015,"Yana",101,"4.5"
"1020",2015,"Yana",98,"3.5"
"1021",2015,"Yana",129,"4.5"
"1022",2015,"Yana",112,"3.5"
"1023",2015,"Yana",119,"6.5"
"1024",2015,"Yana",116,"7.5"
"1025",2015,"Yana",110,"2.5"
"1026",2015,"Yana",139,"8.5"
"1027",2015,"Yana",94,"1.5"
"1028",2015,"Yana",125,"6.5"
"1029",2015,"Yana",95,"1.5"
"1030",2015,"Yana",105,"6.5"
"1031",2015,"Yana",123,"5.5"
"1032",2015,"Yana",125,"8.5"
"1033",2015,"Yana",94,"1.5"
"1034",2015,"Yana",107,"5.5"
"1035",2015,"Yana",93,"1.5"
"1036",2015,"Yana",113,"5.5"
"1037",2015,"Yana",107,"2.5"
"1038",2015,"Yana",133,"7.5"
"1039",2015,"Yana",90,"1.5"
"1040",2015,"Yana",123,"4.5"
"1041",2015,"Yana",116,"2.5"
"1042",2015,"Yana",130,"4.5"
"1043",2015,"Yana",126,"8.5"
"1044",2015,"Yana",112,"8.5"
"1045",2015,"Yana",97,"1.5"
"1046",2015,"Yana",103,"3.5"
"1047",2015,"Yana",101,"2.5"
"1048",2015,"Yana",104,"3.5"
"1049",2015,"Yana",122,"6.5"
"1050",2015,"Yana",101,"2.5"
"1051",2015,"Yana",92,"4.5"
"1052",2015,"Yana",119,"2.5"
"1053",2015,"Yana",123,"5.5"
"1054",2015,"Yana",115,"4.5"
"1055",2015,"Yana",125,"3.5"
"1056",2015,"Yana",116,"8.5"
"1057",2015,"Yana",117,"4.5"
"1058",2015,"Yana",100,"1.5"
"1059",2015,"Yana",94,"1.5"
"1060",2015,"West Toro",50,"0.5"
"1061",2015,"West Toro",42,"0.5"
"1062",2015,"West Toro",61,"0.5"
"1063",2015,"West Toro",57,"0.5"
"1064",2015,"West Toro",55,"0.5"
"1065",2015,"West Toro",54,"0.5"
"1066",2015,"East Toro",117,"3.5"
"1067",2015,"East Toro",59,"0.5"
"1068",2015,"East Toro",124,"5.5"
"1069",2015,"East Toro",99,"4.5"
"1070",2015,"East Toro",121,"5.5"
"1071",2015,"East Toro",127,"6.5"
"1072",2015,"East Toro",85,"1.5"
"1073",2015,"East Toro",45,"0.5"
"1074",2015,"East Toro",53,"0.5"
"1075",2015,"East Toro",95,"1.5"
"1076",2015,"East Toro",119,"4.5"
"1077",2015,"East Toro",68,"0.5"
"1078",2015,"East Toro",45,"0.5"
"1079",2015,"East Toro",100,"1.5"
"1080",2015,"East Toro",119,"4.5"
"1081",2015,"East Toro",115,"7.5"
"1082",2015,"East Toro",136,"7.5"
"1083",2015,"East Toro",59,"0.5"
"1084",2015,"East Toro",54,"0.5"
"1085",2015,"East Toro",60,"0.5"
"1086",2015,"East Toro",118,"6.5"
"1087",2015,"East Toro",124,"3.5"
"1088",2015,"East Toro",114,"3.5"
"1089",2015,"East Toro",114,"4.5"
"1090",2015,"East Toro",77,"0.5"
"1091",2015,"East Toro",88,"1.5"
"1092",2015,"East Toro",58,"0.5"
"1093",2015,"East Toro",82,"1.5"
"1094",2015,"East Toro",46,"0.5"
"1095",2015,"East Toro",114,"6.5"
"1096",2015,"Yana",51,"0.5"
"1097",2015,"Yana",69,"0.5"
"1098",2015,"Yana",64,"0.5"
"1099",2015,"Yana",64,"0.5"
"1100",2015,"Yana",55,"0.5"
"1101",2015,"Yana",53,"0.5"
"1102",2015,"Yana",56,"0.5"
"1103",2015,"Yana",52,"0.5"
"1104",2015,"Yana",72,"0.5"
"1105",2015,"Yana",72,"0.5"
"1106",2015,"Yana",55,"0.5"
"1107",2015,"Yana",52,"0.5"
"1108",2015,"East Yana",66,"0.5"
"1109",2015,"East Yana",93,"1.5"
"1110",2015,"Yana",60,"0.5"
"1111",2015,"Yana",69,"0.5"
"1112",2015,"East Yana",91,"2.5"
"1113",2015,"East Yana",90,"1.5"
"1114",2015,"East Yana",116,"2.5"
"1115",2015,"East Yana",95,"1.5"
"1116",2015,"East Yana",57,"0.5"
"1117",2015,"East Toro",93,"7.5"
"1118",2015,"East Toro",114,"4.5"
"1119",2015,"East Yana",105,"3.5"
"1120",2015,"East Yana",136,"4.5"
"1121",2015,"East Yana",119,"4.5"
"1122",2015,"East Yana",106,"6.5"
"1123",2015,"East Yana",58,"0.5"
"1124",2015,"East Yana",66,"0.5"
"1125",2015,"East Yana",67,"0.5"
"1126",2015,"Yana",55,"0.5"
"1127",2015,"East Yana",88,"1.5"
"1128",2015,"East Yana",86,"4.5"
"1129",2015,"East Yana",92,"2.5"
"1130",2015,"East Yana",117,"5.5"
"1131",2015,"East Yana",105,"4.5"
"1132",2015,"East Toro",97,"1.5"
"1133",2015,"East Toro",106,"6.5"
"1134",2015,"East Yana",82,"1.5"
"1135",2015,"East Yana",90,"1.5"
"1136",2015,"East Yana",112,"5.5"
"1137",2015,"East Yana",100,"2.5"
"1138",2015,"East Yana",112,"3.5"
"1139",2015,"East Yana",95,"1.5"
"1140",2015,"East Yana",87,"2.5"
"1141",2015,"East Yana",58,"0.5"
"1142",2015,"East Yana",95,"2.5"
"1143",2015,"East Toro",121,"6.5"
"1144",2015,"East Toro",88,"1.5"
"1145",2015,"East Toro",95,"3.5"
"1146",2015,"East Toro",112,"6.5"
"1147",2015,"East Yana",49,"0.5"
"1148",2015,"East Yana",108,"4.5"
"1149",2015,"East Yana",86,"2.5"
"1150",2015,"East Yana",55,"0.5"
"1151",2015,"East Yana",49,"0.5"
"1152",2015,"East Toro",100,"2.5"
"1153",2015,"East Yana",122,"5.5"
"1154",2015,"East Toro",121,"4.5"
"1155",2015,"East Toro",95,"1.5"
"1156",2015,"East Toro",104,"5.5"
"1157",2015,"East Toro",100,"4.5"
"1158",2015,"East Toro",53,"0.5"
"1159",2015,"East Yana",116,"3.5"
"1160",2015,"East Yana",125,"3.5"
"1161",2015,"East Yana",105,"4.5"
"1162",2015,"East Yana",106,"5.5"
"1163",2015,"East Yana",103,"5.5"
"1164",2015,"East Toro",123,"3.5"
"1165",2015,"East Toro",101,"2.5"
"1166",2015,"East Toro",61,"0.5"
"1167",2015,"East Yana",121,"4.5"
"1168",2015,"East Yana",129,"3.5"
"1169",2015,"East Toro",69,"0.5"
"1170",2015,"East Yana",100,"1.5"
"1171",2015,"East Yana",106,"5.5"
"1172",2015,"East Yana",96,"2.5"
"1173",2015,"East Toro",118,"5.5"
"1174",2015,"East Toro",52,"0.5"
"1175",2015,"West Toro",60,"0.5"
"1176",2015,"West Toro",81,"1.5"
"1177",2015,"West Toro",56,"0.5"
"1178",2015,"West Toro",43,"0.5"
"1179",2015,"West Toro",50,"0.5"
"1180",2015,"West Toro",56,"0.5"
"1181",2015,"West Toro",64,"0.5"
"1182",2015,"West Toro",53,"0.5"
"1183",2015,"West Toro",58,"0.5"
"1184",2015,"West Toro",71,"0.5"
"1185",2015,"West Toro",51,"0.5"
"1186",2015,"West Yana",55,"0.5"
"1187",2015,"West Yana",49,"0.5"
"1188",2015,"West Yana",56,"0.5"
"1189",2015,"West Yana",53,"0.5"
"1190",2015,"West Yana",49,"0.5"
"1191",2015,"West Yana",56,"0.5"
"1192",2015,"West Yana",57,"0.5"
"1193",2015,"West Yana",61,"0.5"
"1194",2015,"West Yana",91,"2.5"
"1195",2015,"West Yana",50,"0.5"
"1196",2015,"West Yana",50,"0.5"
"1197",2015,"West Yana",55,"0.5"
"1198",2015,"West Yana",55,"0.5"
"1199",2015,"West Yana",61,"0.5"
"1200",2013,"East Toro",118,"6.5"
"1201",2013,"East Toro",115,"6.5"
"1202",2013,"East Toro",93,"1.5"
"1203",2013,"East Toro",129,"5.5"
"1204",2013,"East Toro",126,"6.5"
"1205",2013,"Yana",121,"2.5"
"1206",2013,"Yana",102,"2.5"
"1207",2013,"Yana",129,"3.5"
"1208",2013,"Yana",115,"5.5"
"1209",2013,"Yana",117,"2.5"
"1210",2010,"East Yana",54,"0.5"
"1211",2010,"Yana",61,"0.5"
"1212",2010,"Yana",100,"1.5"
"1213",2011,"Yana",58,"0.5"
"1214",2011,"Yana",57,"0.5"
"1215",2011,"Yana",52,"0.5"
"1216",2011,"Yana",52,"0.5"
"1217",2011,"Yana",55,"0.5"
"1218",2011,"SE Toro",60,"0.5"
"1219",2011,"East Yana",60,"0.5"
"1220",2011,"East Yana",53,"0.5"
"1221",2011,"East Yana",61,"0.5"
"1222",2011,"East Yana",71,"0.5"
"1223",2011,"Yana",61,"0.5"
"1224",2011,"SE Toro",52,"0.5"
"1225",2011,"SE Toro",60,"0.5"
"1226",2011,"SE Toro",58,"0.5"
"1227",2011,"SE Toro",56,"0.5"
"1228",2011,"Yana",52,"0.5"
"1229",2011,"Yana",58,"0.5"
"1230",2011,"Yana",53,"0.5"
"1231",2011,"East Yana",102,"7.5"
"1232",2011,"East Yana",134,"4.5"
"1234",2011,"East Yana",111,"8.5"
"1235",2011,"East Yana",115,"3.5"
"1236",2011,"East Yana",118,"4.5"
"1237",2011,"East Yana",105,"9.5"
"1238",2011,"East Yana",92,"4.5"
"1239",2011,"East Yana",128,"4.5"
"1240",2011,"East Yana",105,"8.5"
"1241",2011,"East Yana",121,"4.5"
"1242",2011,"Yana",113,"3.5"
"1243",2011,"Yana",116,"4.5"
"1244",2011,"SE Toro",88,"1.5"
"1245",2011,"SE Toro",79,"1.5"
"1246",2012,"Yana",121,"5.5"
"1247",2012,"Yana",43,"0.5"
"1248",2012,"Yana",90,"1.5"
"1249",2012,"West Yana",53,"0.5"
"1250",2012,"West Yana",45,"0.5"
"1251",2012,"West Yana",50,"0.5"
"1252",2012,"West Yana",80,"1.5"
"1253",2012,"West Yana",55,"0.5"
"1254",2012,"West Yana",55,"0.5"
"1255",2012,"West Yana",51,"0.5"
"1256",2012,"West Yana",63,"0.5"
"1257",2012,"West Yana",53,"0.5"
"1258",2012,"East Yana",49,"0.5"
"1259",2012,"East Yana",56,"0.5"
"1260",2012,"East Yana",72,"0.5"
"1261",2012,"East Yana",48,"0.5"
"1262",2012,"East Yana",53,"0.5"
"1263",2012,"East Yana",62,"0.5"
"1264",2012,"East Yana",51,"0.5"
"1265",2012,"East Yana",61,"0.5"
"1266",2012,"East Yana",61,"0.5"
"1267",2012,"East Yana",67,"0.5"
"1268",2012,"East Yana",58,"0.5"
"1269",2012,"Yana",56,"0.5"
"1270",2012,"Yana",80,"1.5"
"1271",2012,"Yana",52,"0.5"
"1272",2012,"Yana",41,"0.5"
"1273",2012,"Yana",61,"0.5"
"1274",2012,"Yana",54,"0.5"
"1275",2012,"Yana",62,"0.5"
"1276",2012,"Yana",54,"0.5"
"1277",2012,"Yana",61,"0.5"
"1278",2012,"Yana",56,"0.5"
"1279",2012,"Yana",47,"0.5"
"1280",2012,"Yana",57,"0.5"
"1281",2012,"Yana",53,"0.5"
"1282",2012,"Yana",53,"0.5"
"1283",2012,"Yana",55,"0.5"
"1284",2012,"Yana",56,"0.5"
"1285",2012,"Yana",55,"0.5"
"1286",2012,"Yana",105,"6.5"
"1287",2012,"East Yana",108,"7.5"
"1288",2012,"East Yana",121,"3.5"
"1289",2012,"East Yana",88,"1.5"
"1290",2012,"West Yana",93,"1.5"
"1291",2012,"East Yana",109,"3.5"
"1292",2012,"West Yana",78,"1.5"
"1293",2012,"West Yana",109,"5.5"
"1294",2012,"West Yana",101,"3.5"
"1295",2012,"West Yana",93,"1.5"
"1296",2012,"West Yana",99,"1.5"
"1297",2012,"West Yana",104,"6.5"
"1298",2012,"Yana",119,"7.5"
"1299",2012,"Yana",96,"5.5"
"1300",2012,"Yana",52,"0.5"
"1301",2012,"West Yana",104,"4.5"
"1302",2012,"West Yana",73,"1.5"
"1304",2012,"West Yana",108,"7.5"
"1305",2012,"West Yana",93,"1.5"
"1306",2012,"Yana",100,"5.5"
"1307",2012,"West Yana",83,"1.5"
"1308",2012,"West Yana",88,"1.5"
"1309",2012,"West Yana",113,"6.5"
"1310",2012,"East Yana",53,"0.5"
"1311",2012,"East Yana",61,"0.5"
"1312",2012,"East Yana",49,"0.5"
"1313",2012,"East Yana",52,"0.5"
"1314",2012,"East Yana",46,"0.5"
"1315",2012,"East Yana",48,"0.5"
"1316",2012,"East Yana",43,"0.5"
"1317",2012,"East Yana",37,"0.5"
"1318",2012,"East Yana",45,"0.5"
"1319",2012,"East Yana",48,"0.5"
"1320",2012,"East Yana",38,"0.5"
"1321",2012,"East Yana",51,"0.5"
"1322",2012,"East Yana",61,"0.5"
"1323",2012,"East Yana",44,"0.5"
"1324",2012,"East Yana",49,"0.5"
"1325",2012,"East Yana",44,"0.5"
"1326",2012,"East Yana",45,"0.5"
"1327",2012,"East Yana",50,"0.5"
"1328",2012,"East Yana",47,"0.5"
"1329",2013,"East Yana",69,"0.5"
"1330",2013,"East Yana",90,"1.5"
"1331",2013,"East Yana",122,"5.5"
"1332",2013,"East Yana",70,"0.5"
"1333",2013,"East Yana",113,"3.5"
"1334",2013,"East Yana",127,"6.5"
"1335",2013,"East Yana",136,"7.5"
"1336",2013,"East Yana",141,"7.5"
"1337",2013,"East Yana",98,"6.5"
"1338",2013,"East Yana",123,"3.5"
"1339",2013,"East Yana",123,"4.5"
"1340",2013,"East Yana",123,"4.5"
"1341",2013,"West Toro",118,"5.5"
"1342",2013,"West Toro",53,"0.5"
"1343",2012,"West Yana",42,"0.5"
"1344",2012,"West Yana",50,"0.5"
"1345",2012,"West Yana",42,"0.5"
"1346",2012,"West Yana",44,"0.5"
"1347",2012,"West Yana",48,"0.5"
"1348",2012,"West Yana",48,"0.5"
"1349",2012,"West Yana",52,"0.5"
"1350",2012,"West Yana",53,"0.5"
"1351",2012,"West Yana",46,"0.5"
"1352",2012,"West Yana",55,"0.5"
"1353",2012,"West Yana",51,"0.5"
"1354",2012,"West Yana",50,"0.5"
"1355",2013,"West Yana",105,"3.5"
"1356",2013,"West Yana",109,"4.5"
"1357",2013,"West Yana",57,"0.5"
"1358",2013,"West Yana",57,"0.5"
"1359",2013,"West Yana",47,"0.5"
"1360",2013,"West Yana",91,"3.5"
"1361",2013,"West Yana",102,"4.5"
"1362",2013,"West Yana",56,"0.5"
"1363",2013,"West Yana",91,"1.5"
"1364",2013,"West Yana",62,"0.5"
"1365",2013,"West Yana",71,"0.5"
"1366",2013,"West Yana",68,"0.5"
"1367",2013,"West Yana",106,"3.5"
"1368",2013,"West Yana",127,"4.5"
"1369",2013,"West Yana",112,"4.5"
"1370",2013,"West Yana",102,"3.5"
"1371",2013,"West Yana",125,"4.5"
"1372",2013,"West Yana",69,"0.5"
"1373",2013,"Yana",105,"5.5"
"1375",2013,"Yana",61,"0.5"
"1376",2013,"Yana",62,"0.5"
"1377",2013,"Yana",47,"0.5"
"1378",2013,"Yana",101,"1.5"
"1379",2013,"Yana",110,"6.5"
"1380",2013,"Yana",121,"6.5"
"1381",2013,"Yana",55,"0.5"
"1382",2013,"Yana",51,"0.5"
"1383",2013,"Yana",112,"7.5"
"1384",2013,"Yana",56,"0.5"
"1385",2013,"Yana",50,"0.5"
"1386",2013,"Yana",45,"0.5"
"1387",2013,"Yana",98,"3.5"
"1388",2013,"Yana",64,"0.5"
"1389",2013,"Yana",96,"1.5"
"1390",2013,"Yana",54,"0.5"
"1391",2013,"Yana",39,"0.5"
"1392",2013,"Yana",53,"0.5"
"1393",2013,"Yana",57,"0.5"
"1394",2013,"Yana",43,"0.5"
"1395",2013,"Yana",50,"0.5"
"1396",2013,"Yana",55,"0.5"
"1397",2013,"Yana",31,"0.5"
"1398",2013,"Yana",59,"0.5"
"1399",2013,"Yana",88,"1.5"
"1400",2013,"Yana",70,"0.5"
"1401",2013,"Yana",60,"0.5"
"1402",2013,"Yana",51,"0.5"
"1403",2013,"Yana",49,"0.5"
"1404",2013,"Yana",110,"2.5"
"1405",2013,"Yana",104,"4.5"
"1406",2013,"Yana",57,"0.5"
"1407",2013,"Yana",108,"3.5"
"1408",2013,"Yana",116,"6.5"
"1409",2013,"Yana",41,"0.5"
"1410",2013,"Yana",102,"3.5"
"1411",2013,"Yana",107,"2.5"
"1412",2013,"Yana",117,"5.5"
"1413",2013,"Yana",111,"4.5"
"1414",2013,"Yana",116,"3.5"
"1415",2013,"Yana",55,"0.5"
"1416",2013,"Yana",52,"0.5"
"1417",2013,"Yana",54,"0.5"
"1418",2013,"Yana",57,"0.5"
"1419",2013,"Yana",49,"0.5"
"1420",2013,"Yana",63,"0.5"
"1421",2013,"Yana",105,"4.5"
"1422",2013,"Yana",121,"5.5"
"1423",2013,"Yana",121,"4.5"
"1424",2013,"Yana",89,"1.5"
"1425",2013,"East Toro",118,"6.5"
"1426",2013,"East Toro",115,"6.5"
"1427",2013,"East Toro",93,"1.5"
"1428",2013,"East Toro",129,"5.5"
"1429",2013,"East Toro",126,"6.5"
"1430",2013,"Yana",121,"2.5"
"1431",2013,"Yana",102,"2.5"
"1432",2013,"Yana",129,"3.5"
"1433",2013,"Yana",115,"5.5"
"1434",2013,"Yana",117,"2.5"
"1435",2009,"Yana",118,"2.5"
"1436",2009,"Yana",116,"8.5"
"1437",2009,"Yana",114,"5.5"
"1438",2009,"East Yana",124,"2.5"
"1439",2009,"East Yana",115,"2.5"
"1440",2009,"East Yana",124,"7.5"
"1441",2009,"East Yana",122,"2.5"
"1442",2009,"East Yana",117,"2.5"
"1443",2009,"Yana",130,"6.5"
"1444",2009,"Yana",130,"5.5"
"1445",2009,"Yana",125,"5.5"
"1446",2009,"Yana",125,"6.5"
"1447",2009,"Yana",136,"4.5"
"1448",2009,"Yana",127,"4.5"
"1449",2009,"Yana",124,"2.5"
"1450",2009,"Yana",110,"4.5"
"1451",2009,"Yana",100,"2.5"
"1452",2009,"Yana",128,"4.5"
"1453",2009,"East Yana",130,"7.5"
"1454",2009,"East Yana",123,"5.5"
"1455",2009,"East Yana",133,"5.5"
"1456",2009,"Yana",129,"6.5"
"1457",2009,"Yana",113,"4.5"
"1458",2009,"East Yana",102,"1.5"
"1459",2009,"East Yana",121,"3.5"
"1460",2009,"East Yana",124,"8.5"
"1461",2009,"East Yana",125,"4.5"
"1462",2009,"East Yana",120,"3.5"
"1463",2009,"East Yana",124,"3.5"
"1464",2009,"East Yana",100,"1.5"
"1465",2010,"Yana",56,"0.5"
"1466",2010,"Yana",44,"0.5"
"1467",2010,"Yana",64,"0.5"
"1468",2010,"Yana",57,"0.5"
"1469",2010,"Yana",61,"0.5"
"1470",2010,"Yana",73,"0.5"
"1471",2010,"Yana",62,"0.5"
"1472",2010,"East Toro",106,"8.5"
"1473",2010,"Yana",67,"0.5"
"1474",2010,"Yana",65,"0.5"
"1475",2010,"Yana",101,"1.5"
"1476",2010,"Yana",69,"0.5"
"1477",2010,"East Toro",123,"5.5"
"1478",2010,"Yana",67,"0.5"
"1479",2010,"Yana",70,"0.5"
"1480",2010,"East Toro",114,"4.5"
"1481",2010,"East Toro",118,"3.5"
"1482",2010,"East Toro",67,"0.5"
"1483",2010,"Yana",69,"0.5"
"1484",2010,"East Toro",116,"3.5"
"1485",2010,"East Toro",130,"5.5"
"1486",2010,"East Toro",143,"8.5"
"1487",2010,"Yana",58,"0.5"
"1488",2010,"Yana",49,"0.5"
"1489",2010,"Yana",65,"0.5"
"1490",2010,"Yana",62,"0.5"
"1491",2010,"Yana",55,"0.5"
"1492",2010,"East Toro",112,"5.5"
"1493",2010,"East Toro",109,"4.5"
"1494",2010,"East Toro",126,"4.5"
"1495",2010,"East Toro",136,"8.5"
"1496",2010,"West Toro",123,"6.5"
"1497",2010,"West Toro",67,"0.5"
"1498",2010,"West Toro",73,"0.5"
"1499",2010,"West Toro",119,"5.5"
"1500",2010,"West Toro",101,"2.5"
"1501",2010,"East Toro",129,"5.5"
"1502",2010,"Yana",79,"0.5"
"1503",2010,"Yana",58,"0.5"
"1504",2010,"Yana",65,"0.5"
"1505",2010,"Yana",130,"5.5"
"1506",2010,"Yana",122,"8.5"
"1507",2010,"Yana",103,"2.5"
"1508",2010,"Yana",127,"5.5"
"1509",2010,"West Toro",114,"1.5"
"1510",2010,"West Toro",109,"3.5"
"1511",2010,"West Toro",123,"4.5"
"1512",2010,"SE Toro",86,"2.5"
"1513",2010,"SE Toro",91,"7.5"
"1514",2010,"SE Toro",91,"1.5"
"1515",2010,"SE Toro",61,"0.5"
"1516",2010,"SE Toro",66,"0.5"
"1517",2010,"SE Toro",65,"0.5"
"1518",2010,"SE Toro",49,"0.5"
"1519",2010,"SE Toro",68,"0.5"
"1520",2010,"SE Toro",54,"0.5"
"1521",2010,"SE Toro",64,"0.5"
"1522",2010,"SE Toro",48,"0.5"
"1523",2010,"SE Toro",47,"0.5"
"1524",2010,"SE Toro",54,"0.5"
"1525",2006,"W. Yana",100,"3.5"
"1527",2006,"S.E. Toro",113,"3.5"
"1528",2006,"W. Yana",130,"6.5"
"1529",2006,"S.E. Toro",110,"5.5"
"1530",2006,"S.E. Toro",97,"5.5"
"1531",2006,"S.E. Toro",110,"5.5"
"1532",2006,"S.E. Toro",104,"5.5"
"1533",2006,"E. Yana",91,"3.5"
"1534",2006,"E. Yana",104,"6.5"
"1535",2006,"Yana",91,"5.5"
"1536",2006,"E. Yana",97,"5.5"
"1537",2006,"E. Yana",110,"5.5"
"1538",2006,"Yana",149,"2.5"
"1539",2006,"E. Yana",97,"3.5"
"1540",2006,"E. Yana",97,"2.5"
"1541",2006,"E. Yana",110,"5.5"
"1542",2006,"S.E. Toro",84,"5.5"
"1543",2006,"S.E. Toro",71,"1.5"
"1544",2006,"S.E. Toro",91,"5.5"
"1545",2006,"S.E. Toro",105,"5.5"
"1546",2006,"W. Yana",97,"2.5"
"1547",2006,"S.E. Toro",97,"6.5"
"1548",2006,"E. Yana",117,"2.5"
"1549",2006,"E. Yana",117,"3.5"
"1550",2006,"Yana",71,"2.5"
"1551",2006,"W. Yana",97,"2.5"
"1552",2006,"W. Yana",110,"2.5"
"1553",2006,"W. Yana",91,"3.5"
"1554",2006,"W. Yana",110,"4.5"
"1555",2006,"W. Yana",84,"4.5"
"1556",2006,"E. Yana",104,"3.5"
"1557",2006,"E. Yana",104,"3.5"
"1558",2006,"W. Yana",91,"4.5"
"1559",2006,"W. Yana",39,"0.5"
"1560",2006,"W. Yana",104,"3.5"
"1561",2006,"W. Yana",110,"3.5"
"1562",2006,"W. Yana",32,"0.5"
"1563",2006,"W. Yana",104,"2.5"
"1564",2006,"W. Yana",91,"2.5"
"1565",2006,"W. Yana",130,"6.5"
"1566",2006,"S.E. Toro",97,"5.5"
"1567",2006,"W. Toro",129,"2.5"
"1568",2006,"W. Toro",147,"3.5"
"1569",2006,"W. Toro",118,"2.5"
"1570",2006,"W. Toro",135,"2.5"
"1571",2006,"W. Toro",138,"5.5"
"1572",2006,"S.E. Toro",110,"6.5"
"1573",2006,"S.E. Toro",91,"2.5"
"1574",2006,"S.E. Toro",91,"8.5"
"1575",2006,"S.E. Toro",110,"8.5+"
"1576",2006,"S.E. Toro",104,"5.5"
"1577",2006,"W. Yana",110,"3.5"
"1578",2006,"S.E. Toro",84,"8.5"
"1579",2006,"S.E. Toro",88,"1.5"
"1580",2006,"Yana",97,"1.5"
"1581",2006,"Yana",97,"1.5"
"1582",2006,"Yana",97,"1.5"
"1583",2006,"Yana",91,"1.5"
"1584",2006,"E. Yana",97,"1.5"
"1585",2006,"E. Yana",110,"1.5"
"1586",2006,"E. Yana",91,"1.5"
"1587",2006,"S.E. Toro",84,"1.5"
"1588",2006,"E. Yana",78,"1.5"
"1589",2006,"E. Yana",78,"1.5"
"1590",2006,"S.E. Toro",65,"1.5"
"1591",2006,"W. Yana",78,"1.5"
"1592",2006,"W. Toro",127,"1.5"
"1593",2006,"S.E. Toro",84,"1.5"
"1594",2006,"W. Yana",84,"1.5"
"1595",2006,"S.E. Toro",65,"1.5"
"1596",2006,"S.E. Toro",65,"1.5"
"1597",2007,"S.E. Toro",143,"1.5"
"1598",2007,"E. Yana",84,"1.5"
"1599",2007,"E. Yana",91,"1.5"
"1600",2007,"E. Yana",91,"5.5"
"1601",2007,"E. Yana",97,"2.5"
"1602",2007,"E. Yana",110,"3.5"
"1603",2007,"E. Yana",84,"4.5"
"1604",2008,"Yana",117,"5.5"
"1605",2009,"W. Toro",95,"3.5"
